claim_id,piece_id,verbatim_phrase,quote,source_url
c546b65dc38d,beriot_scene_de_ballet,'elastic' and 'rebounding' strokes,"discusses a wide range of bowings, including ""elastic"" and ""rebounding"" strokes, and various ways of reproducing dotted rhythms",https://www.thestrad.com/bringing-singing-to-violin-technique-charles-auguste-de-beriot/1155.article
ea72c455098c,beriot_scene_de_ballet,"'soft', 'medium' and 'loud' vibrato","He refers to ""soft"", ""medium"" and ""loud"" vibrato, illustrating these gradations with signs seemingly aligned more with dynamic level than speed or breadth of oscillation.",https://www.thestrad.com/bringing-singing-to-violin-technique-charles-auguste-de-beriot/1155.article
5b24af1fe667,lalo_symphonie_espagnole_mvt1,1-15th position,"intonation, glissando, harmonics, ornaments, legato, staccato, 1-15th position, chords, vibrato, articulation, dynamics","https://www.violinwiki.org/wiki/Symphonie_espagnole,_Op._21,_1st_Movement_(Lalo,_%C3%89douard)"
01fb8e6d8e19,sarasate_intro_tarantella,6/8 time ride up and down the violin fingerboard,"a wild and, in good hands, exhilarating 6/8 time ride up and down the violin fingerboard.",https://sin80.com/en/work/sarasate-introduction-tarantelle
87214b71b7ae,beethoven_d_major_mvt1,a little more bow-arm weight on the lower of the two strings involved,"""Allow a little more bow-arm weight on the lower of the two strings involved."" Lower pitches should serve as tuning references for upper notes.",https://stringsmagazine.com/a-new-way-to-practice-the-octaves-in-beethovens-violin-concerto/
b34091327dbc,massenet_meditation_thais,A natural harmonic,Mutter does something no one else does at the climactic A natural harmonic. She glides up there ever so slowly,https://operawire.com/thais-meditation-as-interpreted-by-some-of-the-greatest-violinists-in-history/
72ad96634483,saint_saens_intro_rondo_capriccioso,accurate intonation in the highest register,"Sarasate was the consummate salon virtuoso, possessed of a light tone, fast narrow vibrato, accurate intonation in the highest register, and fantastic technique.",https://www.runyanprogramnotes.com/program_note/introduction-and-rondo-capriccioso-op-28/
3a6165bf0f8b,bach_preludio_e_major_bwv1006,almost unbroken pattern of semiquavers with passages of bariolage,"a dashing, bravura Preludio whose almost unbroken pattern of semiquavers, together with passages of 'bariolage'",https://www.hyperion-records.co.uk/tw.asp?w=W6738
98aad066fbe2,mendelssohn_e_minor_mvt1,already have a good spiccato and ricochet in your technique,"To add the spiccato, you need to already have a good spiccato and ricochet in your technique (another article for another day!).",https://stringsmagazine.com/the-spiccato-bariolage-passage-of-mendelssohns-violin-concerto-is-one-challenge-among-many/
7b385b4e105d,_general,amount of pressure applied must be proportionate to your bow speed,The amount of pressure applied must be proportionate to your bow speed – herein lies the secret to creating a quality tone rather than a forced tone.,https://www.thestrad.com/playing-hub/aaron-rosand-on-how-to-produce-a-beautiful-tone/264.article
f09caff3cb5e,shostakovich_concerto1_mvt3_passacaglia,"anguished, defiant octaves in the solo violin","In an extraordinary, climactic moment, the bass line emerges as anguished, defiant octaves in the solo violin.",https://thelistenersclub.com/2023/03/10/shostakovichs-first-violin-concerto-dangerous-music-for-the-desk-drawer/
1ac8237331d0,sibelius_d_minor_mvt1,apply a certain amount of weight to make the D and G strings sound,"There, one also needs to apply a certain amount of weight to make the D and G strings sound, which makes it even harder for the player later to switch to fast fingerwork.",https://www.thestrad.com/artists/masterclass-leonidas-kavakos-on-the-sibelius-violin-concerto/7349.article
1e94d6f4cbe2,_general,"apply weight of arm through index finger into the bow, releasing at start of each stroke","Apply the weight of your arm through your index finger into the bow, releasing it at the start of each stroke.",https://www.lvlmusicacademy.com/bowing-techniques-violinists/
dedb729a375f,mozart_k216_mvt1,appoggiaturas... played on the beat,"We also discussed Mozart's appoggiaturas, which should be played on the beat and are usually quite clear as to length.",https://www.thestrad.com/playing-hub/keep-it-simple-stupid-recording-mozart-violin-concertos-the-historically-informed-way/13547.article
ce7c2fe6f2dc,mozart_k218_mvt1,appoggiaturas... played on the beat,"We also discussed Mozart's appoggiaturas, which should be played on the beat and are usually quite clear as to length.",https://www.thestrad.com/playing-hub/keep-it-simple-stupid-recording-mozart-violin-concertos-the-historically-informed-way/13547.article
eeba5f2c3447,mendelssohn_e_minor_mvt3,arching arpeggios using the 'ricochet' bow technique,The soloist closes it with arching arpeggios using the 'ricochet' bow technique and continues them as the orchestra begins the main theme,https://coloradomusicfestival.org/mendelssohns-violin-concerto-a-jewel-that-changed-a-genre/
666bbfb73bcd,_general,"arm suspended above the string, bow connects without crushing as it swings in an arc","the arm should be supported and suspended just above the string, allowing the bow to connect without crushing as it swings in an arc",https://stringsmagazine.com/rethinking-your-approach-to-intonation-on-violin/
3141464df1a3,bach_adagio_g_minor_bwv1001,arpeggiating across all the strings requiring a large movement with the bowing arm,"a louder, arpeggiating across all the strings, and requiring a large movement with the bowing arm",https://www.sonatasandpartitas.com/articles/?selected=article_detail&id=2&rtn=article&work_id=27
b56d5ac4b44c,bach_chaconne,arpeggios and scale passages juxtaposed,"Bach appears to have strategically integrated elemental motifs of musical expression. Diatonics and chromatics are juxtaposed, as are major and minor, not to mention arpeggios and scale passages.",https://www.violinorum.com/us/chaconne-johann-sebastian-bach-bwv-1004/
6a9afcf744fa,berg_violin_concerto,"Arpeggios based on the violin's four open strings (G, D, A, E)","Symbolism of the open strings: Arpeggios based on the violin's four open strings (G, D, A, E) appear in succession",https://sorinamu.blog/alban-berg-violin-concerto-to-the-memory-of-an-angel/
c8f8897200b2,saint_saens_3_mvt1,arpeggios played entirely in false harmonics that must be flawlessly in tune,It is a series of arpeggios played entirely in false harmonics that must be flawlessly in tune.,https://violinlounge.com/article/31-violin-concertos-ranked-by-difficulty-level/
edf0b2d19235,sibelius_d_minor_mvt1,arpeggios...with extensions on each run (similar to Paganini's Caprice no.5),"The music from figure 6 is difficult technically – not so much the passage downwards in the first three bars, but the arpeggios...with extensions on each run (similar to Paganini's Caprice no.5)",https://www.thestrad.com/artists/masterclass-leonidas-kavakos-on-the-sibelius-violin-concerto/7349.article
65f6830f70c1,vivaldi_rv356_mvt1,articulate bow strokes that allow each note to speak clearly,The Allegro movement relies on articulate bow strokes that allow each note to speak clearly.,https://heatherkayeviolin.com/vivaldi-violin-concerto-a-minor-allegro/
f8b98d47154d,ernst_erlkonig,artificial harmonics,"This is accomplished through the use of double, triple and quadruple stops, artificial harmonics and left-hand pizzicato.",https://en.wikipedia.org/wiki/Erlk%C3%B6nig_(Schubert)
ac91c81e3780,paganini_caprice_5,ascending arpeggios followed by descending scales,It begins and ends with a section of ascending arpeggios followed by descending scales.,https://en.wikipedia.org/wiki/24_Caprices_for_Solo_Violin_(Paganini)
2d8f04008266,ysaye_sonata4_mvt1,"at first pizzicato ('avec vibrations'), then bowed","The same four notes in reverse go right through the Sarabande, at first pizzicato ('avec vibrations'), then bowed.",https://www.hyperion-records.co.uk/dw.asp?dc=W7757_66940
78af97175ce5,kreisler_praeludium_allegro,bariolage,"there is a huge variety in bowstrokes (detaché, spiccato, bariolage, three-note chords), as well as difficulties for the left hand.",https://stringsmagazine.com/creativity-and-technique-come-together-in-fritz-kreislers-praeludium-and-allegro/
5c5e2d59f9cb,mendelssohn_e_minor_mvt1,bariolage (repeated string crossings),"combination of violin techniques: bariolage (repeated string crossings), spiccato (off-the-string bow stroke), and chords across all four strings.",https://stringsmagazine.com/the-spiccato-bariolage-passage-of-mendelssohns-violin-concerto-is-one-challenge-among-many/
f17d9c5c4734,brahms_sonata3_d_minor_mvt1,bariolage: same pitch in rapid alternation between open and stopped strings,"The atmosphere of mystery is enhanced through the use of _bariolage_ technique, with the violinist playing the same pitch in rapid alternation between open and stopped strings.",https://www.hyperion-records.co.uk/dw.asp?dc=W444_44331
5bea8d14b900,sibelius_d_minor_mvt1,big melodies and double-stops,"the Largamente, with its slow notes, big melodies and double-stops.",https://www.thestrad.com/artists/masterclass-leonidas-kavakos-on-the-sibelius-violin-concerto/7349.article
3a4dc84c9030,bach_preludio_e_major_bwv1006,block fingerings — one finger holding consecutive notes across strings,"Block fingerings are recommended—for example, using one finger to hold consecutive notes across strings. This reduces unnecessary motion.",https://www.tonebase.co/violin-blog-posts/bach-violin-partita-3
9fdc0c0aa2a7,_general,bow choreography — bow in same direction as everyone else's,"bow choreography (if your bow is in the same direction as everyone else's, who's to be any the wiser?)",https://www.thestrad.com/student-hub/fake-it-til-you-make-it-the-art-of-orchestral-faking/14494.article
02d16b36fd5a,bach_a_minor_bwv1041_mvt1,bow control across long phrases,"sustained tone production, bow control across long phrases, expressive phrasing without excess tension, and musical clarity within a slow tempo",https://heatherkayeviolin.com/bach-violin-concerto-a-minor-andante/
68584b2d8cae,massenet_meditation_thais,bow must travel cleanly between adjacent strings without interruption,"Although not fast, the bow must travel cleanly between adjacent strings without interruption. Any hesitation or imbalance in bow arm mechanics can cause unwanted accents or slurred articulations.",https://www.ciximusic.com/can-beginner-violinists-learn-meditation-thais
21f3f0cefa0f,brahms_d_major_mvt1,bowing that really digs into the strings,"evident in the work's energetic phrasing and bowing style that ""really digs into the strings.""",https://usuo.org/explore/2019/01/brahms-concerto-in-d-major-for-violin-and-orchestra-op-77/
d84f6632aadb,brahms_d_major_mvt3,bowing that really digs into the strings,"evident in ""the energy and the style of phrasing, and in bowing that really digs into the strings.""",https://floridaorchestra.org/program-notes/program-notes-brahms-violin-concerto-2223/
df3e0c715fa1,sibelius_d_minor_mvt3,brilliant double and triple stops,"The soloist's ""rhythmic, syncopated response"" features ""brilliant double and triple stops.""",https://houstonsymphony.org/sibelius-violin-concerto/
13e1609c7240,_general,bring left elbow under the instrument for higher positions,Let your elbow help you maneuver around to the higher positions. Bring it under the instrument to have easier access to higher positions,https://heatherkayeviolin.com/how-to-improve-your-violin-shifting/
2f782939de76,mendelssohn_e_minor_mvt1,broken octaves,"double stops, broken octaves, vibrato, articulation, dynamics","https://www.violinwiki.org/wiki/Violin_Concerto_No._2_in_E_minor,_Op._64,_MWV_O_14,_1st_Movement_(Mendelssohn-Bartholdy,_Felix)"
2e5c29069f63,ligeti_concerto_mvt5,"cadenza culminated in singing, whistling, stamping","Kopatchinskaja's own cadenza culminated in singing, whistling, stamping, and more—and not only from her.",https://boulezian.blogspot.com/2023/02/kopatchinskajalsoroth-ligeti-and.html
02519fe84821,bruch_g_minor_mvt1,cadenza which rises from the lowest string (G) to the highest register,The solo violin enters alone with a cadenza which rises from the lowest string (G) to the highest register.,https://stringsmagazine.com/mastering-the-irregular-rhythmic-passages-in-the-first-movement-of-the-bruch-violin-concerto-no-1-in-g-minor/
6fc8302f8701,ysaye_sonata6,cadenza with habanera,"it might be described as a cadenza with habanera, in E major, the Hispanic tone suiting the dedicatee, Manuel Quiroga",https://www.maramarietta.com/the-arts/music/classical/ysaye/
e8cbaefd4722,schoenberg_violin_concerto_mvt1,Cadenza writing offers ample opportunity display from the 'new' fourth finger,Cadenza writing offers ample opportunity display from the 'new' fourth finger,https://boulezian.blogspot.com/2020/03/the-violinist-is-really-playing-fiddle.html
874e9318544f,haydn_c_major_hobviia1_mvt1,chains of dotted rhythms,"Haydn's violin concerti are immediately recognizable for their sprightly use of the violin's high register, chains of dotted rhythms, virtuosic double stops, and ornamental figuration.",https://www.riphil.org/the-story-behind-haydn-s-violin-concerto-in-c-major
d107079d3743,bach_adagio_g_minor_bwv1001,"chord C/A/F# awkward on violin for left hand, requires shift up the neck",the chord C/A/F# is awkward on the violin for the left hand. It also requires a shift up the neck,https://www.sonatasandpartitas.com/articles/?selected=article_detail&id=2&rtn=article&work_id=27
077b1f001228,stravinsky_concerto_d_mvt1,chord which stretches from D4 to E5 to A6,"Early in the compositional process, Stravinsky devised a chord which stretches from D4 to E5 to A6.",http://themusicsalon.blogspot.com/2015/07/concerto-guide-stravinsky-concerto-in-d.html
0a67fe4565bb,paganini_caprice_1,chordal playing with ricochet bowing across all 4 strings,"Nicknamed ""The Arpeggio"", this composition matches chordal playing with ricochet bowing across all 4 strings.",https://en.wikipedia.org/wiki/24_Caprices_for_Solo_Violin_(Paganini)
2f3828464706,haydn_c_major_hobviia1_mvt1,chords,"intonation, string crossings, shifting, legato, staccato, portato, fast runs, ornaments, trills, double stops, chords, vibrato, articulation, dynamics","https://www.violinwiki.org/wiki/Violin_Concerto_No._1_in_C_major,_Hob._VIIa:1,_1st_Movement_(Haydn,_Franz_Joseph)"
148e93e79add,lalo_symphonie_espagnole_mvt1,chords,"intonation, glissando, harmonics, ornaments, legato, staccato, 1-15th position, chords, vibrato, articulation, dynamics","https://www.violinwiki.org/wiki/Symphonie_espagnole,_Op._21,_1st_Movement_(Lalo,_%C3%89douard)"
d0c123a44cf1,mendelssohn_e_minor_mvt3,chords,"harmonics, right hand pizzicato, chords, vibrato, articulation, dynamics","https://www.violinwiki.org/wiki/Violin_Concerto_No._2_in_E_minor,_Op._64,_MWV_O_14,_3rd_Movement_(Mendelssohn-Bartholdy,_Felix)"
b07ccbda73b9,mendelssohn_e_minor_mvt1,chords across all four strings,"bariolage (repeated string crossings), spiccato (off-the-string bow stroke), and chords across all four strings.",https://stringsmagazine.com/the-spiccato-bariolage-passage-of-mendelssohns-violin-concerto-is-one-challenge-among-many/
0b3c1d941d24,kreisler_praeludium_allegro,chords – three of four notes that must sound simultaneously,The final part of this piece can be challenging for many younger violinists because it contains many chords – three of four notes that must sound simultaneously.,https://www.cmuse.org/kreisler-praeludium-and-allegro-difficulty/
449dfc9f41e5,wieniawski_legende,chromatic downward scale for the soloist,"After a chromatic downward scale for the soloist and short transitional material, the music reverts back to three in a bar",https://muswrite.blogspot.com/2014/07/wieniawski-legende-for-violin-and.html
ecb9471d6e8a,ysaye_sonata3_ballade,climbing double stops,The ending builds first with single notes and then with climbing double stops.,https://www.laphil.com/musicdb/pieces/4590/violin-sonata-in-d-minor-op-27-no-3-ballade
2c9f0655c9d5,_general,"col legno — flip the bow upside down, play with the wood against the strings","Col legno flips the bow upside down, letting you play with the wood against the strings for a unique timbre.",https://www.lvlmusicacademy.com/bowing-techniques-violinists/
1e315323d30a,wieniawski_legende,con sordino,"Wieniawski makes some interesting markings in the music: ""con sordino"" and ""sotto voce."" The former marking tells the violinist to put a concert mute on their instrument",https://catthecynic.wixsite.com/catsmusicalmusings/post/wieniawski-s-legende-ary-love
9f6cc7f5a420,kreisler_praeludium_allegro,confident and energetic bow stroke in every note while shifting constantly,"the violinist must keep a confident and energetic bow stroke in every note while shifting constantly from one position to the other, as the shifts happen at every few notes.",https://www.cmuse.org/kreisler-praeludium-and-allegro-difficulty/
1b429627122f,massenet_meditation_thais,"consistent vibrato... On the G and D strings, warmth and breadth; on A and E, faster and more focused","On the G and D strings, that vibrato needs warmth and breadth. On the A and E strings, it needs to be faster and more focused.",https://www.ciximusic.com/can-beginner-violinists-learn-meditation-thais
dc3f5de8491d,bach_presto_g_minor_bwv1001,constant sixteenth-note motion and single-voice texture,The Presto closing movement runs along in constant sixteenth-note motion and single-voice texture until the concluding chords of each half.,"https://www.parlancechamberconcerts.org/individual-program-notes/johann-sebastian-bach-(1685-1750)/adagio-and-presto-from-sonata-no.-1-in-g-minor-for-unaccompanied-violin,-bwv-1001"
7db724cf6d80,bach_adagio_g_minor_bwv1001,constant sixteenth-note motion in single-voice texture,The Presto closing movement runs along in constant sixteenth-note motion and single-voice texture until the concluding chords of each half.,"https://www.parlancechamberconcerts.org/individual-program-notes/johann-sebastian-bach-(1685-1750)/adagio-and-presto-from-sonata-no.-1-in-g-minor-for-unaccompanied-violin,-bwv-1001"
22e317bc4775,bach_preludio_e_major_bwv1006,continuous sixteenth notes requiring sustained right-hand engagement,"For the continuous sixteenth notes, the right hand requires sustained engagement. Bow should remain flat on the hair and play straight to maintain clarity during string-crossing passages.",https://www.tonebase.co/violin-blog-posts/bach-violin-partita-3
d72df3e65cca,mozart_k216_mvt1,creating depth and direction with bow speed rather than vibrato,"I especially enjoyed exploring this aspect of sound production with Norrington, creating depth and direction with bow speed rather than vibrato.",https://www.thestrad.com/playing-hub/keep-it-simple-stupid-recording-mozart-violin-concertos-the-historically-informed-way/13547.article
9c60f56d86f2,mozart_k218_mvt1,creating depth and direction with bow speed rather than vibrato,"I especially enjoyed exploring this aspect of sound production with Norrington, creating depth and direction with bow speed rather than vibrato.",https://www.thestrad.com/playing-hub/keep-it-simple-stupid-recording-mozart-violin-concertos-the-historically-informed-way/13547.article
2ea9d0b82cfb,ernst_last_rose_variations,cross-string arpeggios,Examples of Ernst's brilliant improvisation are cross-string arpeggios and the use of left-hand pizzicato to pluck out the melody while a running scale accompaniment plays on.,https://www.flyinginkpot.com/1998/05/inkpot53-classical-music-reviews-ernst-music-for-violin-turbanbria-claves/
311c4c4d7241,ernst_erlkonig,cross-string arpeggios and the use of left-hand pizzicato,Examples of Ernst's brilliant improvisation are cross-string arpeggios and the use of left-hand pizzicato to pluck out the melody while a running scale accompaniment plays on.,https://www.flyinginkpot.com/1998/05/inkpot53-classical-music-reviews-ernst-music-for-violin-turbanbria-claves/
1596fafdac13,mendelssohn_e_minor_mvt1,crossing four strings,Here are some examples to help you master this pattern of crossing four strings.,https://stringsmagazine.com/the-spiccato-bariolage-passage-of-mendelssohns-violin-concerto-is-one-challenge-among-many/
885238169ecb,ysaye_sonata6,dance characteristics and virtuosic demands of the single-movement No. 6,the pictorial ideas and Paganiniesque effects in No. 5; and the dance characteristics and virtuosic demands of the single-movement No. 6.,https://www.maramarietta.com/the-arts/music/classical/ysaye/
b449e5e045ef,sibelius_d_minor_mvt3,dance rhythm of the semiquaver followed by a dotted quaver,The dance rhythm of the semiquaver followed by a dotted quaver is a particularly Hungarian idiom.,https://www.thestrad.com/artists/masterclass-leonidas-kavakos-on-the-sibelius-violin-concerto/7349.article
7109ce7c8321,sibelius_d_minor_mvt1,demanding sixteenth-note runs and double-stopped figures,"a serenely dissonant G-natural that hovers over a bed of D-minor tremolos in the orchestra before resolving up a step,"" followed by demanding sixteenth-note runs and double-stopped figures.",https://artsfuse.org/252618/music-commentary-jean-sibeliuss-violin-concerto-the-universal-concerto/
36bb62803b6a,bach_fugue_g_minor_bwv1001,densely worked theme almost ever present and discernible throughout,"The Fuga which follows is concisely argued, its densely worked theme almost ever present and discernible throughout.",https://www.hyperion-records.co.uk/tw.asp?w=W6733
e8c6edd651f9,paganini_caprice_1,descending scales in thirds,"The piece opens in E major and then quickly transitions into an E minor development section, where descending scales in thirds are introduced.",https://en.wikipedia.org/wiki/24_Caprices_for_Solo_Violin_(Paganini)
a21f44b7ba78,wieniawski_2_mvt1,descending upbow staccato scales,"The end of the first movement is full of descending upbow staccato scales, a very difficult and impressive technique.",https://violinlounge.com/article/31-violin-concertos-ranked-by-difficulty-level/
86ff4a1d3d0a,kreisler_praeludium_allegro,detaché,"there is a huge variety in bowstrokes (detaché, spiccato, bariolage, three-note chords), as well as difficulties for the left hand.",https://stringsmagazine.com/creativity-and-technique-come-together-in-fritz-kreislers-praeludium-and-allegro/
a9e8987dd01f,_general,detaché collé — slow-motion spiccato lifting the bow at the changes,"try detaché collé, a slow-motion spiccato where you lift the bow at the changes.",https://www.lvlmusicacademy.com/bowing-techniques-violinists/
075d7c2ad542,_general,detaché porté — emphasize start of each stroke with higher bow speed but no pressure accents,"detaché porté, where you emphasize the start of each stroke with higher bow speed but without pressure accents",https://www.lvlmusicacademy.com/bowing-techniques-violinists/
1b6cdcd09f74,_general,detaché — separate strokes with seamless bow change,"Detaché is a versatile technique found in almost every violin repertoire. It involves separate strokes, down and up, with a seamless bow change.",https://www.lvlmusicacademy.com/bowing-techniques-violinists/
7c95811750ff,ligeti_concerto_mvt5,devil-take-the-hindmost rhythmic complexity,"In Ligeti's Concerto, Hadelich has the measure of the devil-take-the-hindmost rhythmic complexity.",https://www.thestrad.com/reviews/augustin-hadelich-brahms-ligeti/9137.article
f340b32fff06,bach_presto_g_minor_bwv1001,digital and rhythmic dexterity and preciseness of pitch,They demand not only unfaltering facility in matters of digital and rhythmic dexterity and preciseness of pitch,https://www.laphil.com/musicdb/pieces/3505/sonata-no-1-in-g-minor-for-solo-violin-bwv-1001
95dbfa9d6a3e,bach_adagio_g_minor_bwv1001,digital and rhythmic dexterity and preciseness of pitch in the multiple stoppings,"They demand not only unfaltering facility in matters of digital and rhythmic dexterity and preciseness of pitch, particularly in the multiple stoppings",https://www.laphil.com/musicdb/pieces/3505/sonata-no-1-in-g-minor-for-solo-violin-bwv-1001
d90d8f816bef,bach_fugue_g_minor_bwv1001,digital and rhythmic dexterity and preciseness of pitch in the multiple stoppings,"They demand not only unfaltering facility in matters of digital and rhythmic dexterity and preciseness of pitch, particularly in the multiple stoppings",https://www.laphil.com/musicdb/pieces/3505/sonata-no-1-in-g-minor-for-solo-violin-bwv-1001
957cd0810b4d,paganini_caprice_24,double and triple stops,"tremendously fast scales and arpeggios, double and triple stops, left hand pizzicato, parallel octaves and tenths, rapid shifting, and string crossings.",https://en.wikipedia.org/wiki/24_Caprices_for_Solo_Violin_(Paganini)
4361ee2cdcc7,schoenberg_violin_concerto_mvt1,double and triple stops that probably aren't written to be very ergonomic,"There are double and triple stops that probably aren't written to be very ergonomic, as well as (what I assume is left-hand) pizzicato intertwined with the rest of the bowed solo part.",https://fugueforthought.de/2017/09/01/schoenberg-violin-concerto-op-36/
007e75e067ca,wieniawski_legende,double stop section,"the music suddenly sighs with relief on a cadence in G Major, introducing a sublime double stop section. By design, the violinist has to slide across the fingerboard in order to play the double stops.",https://catthecynic.wixsite.com/catsmusicalmusings/post/wieniawski-s-legende-ary-love
3addc2f66fd4,ernst_last_rose_variations,double stops,"Notice the combination of dazzling violinistic effects employed, from double stops and left hand pizzicato to harmonics, up bow staccato and spiccato bowing.",https://thelistenersclub.com/2013/09/02/the-last-rose-of-summer/
fdfda4da20e5,haydn_c_major_hobviia1_mvt1,double stops,"intonation, string crossings, shifting, legato, staccato, portato, fast runs, ornaments, trills, double stops, chords, vibrato, articulation, dynamics","https://www.violinwiki.org/wiki/Violin_Concerto_No._1_in_C_major,_Hob._VIIa:1,_1st_Movement_(Haydn,_Franz_Joseph)"
1e5a8da62536,mendelssohn_e_minor_mvt1,double stops,"trills, harmonics, double stops, broken octaves, vibrato, articulation, dynamics","https://www.violinwiki.org/wiki/Violin_Concerto_No._2_in_E_minor,_Op._64,_MWV_O_14,_1st_Movement_(Mendelssohn-Bartholdy,_Felix)"
b494f31d92e9,ravel_tzigane,double stops at the octave,"we have a section of the same melody, with double stops at the octave, followed by trills, harmonics, and more exciting fireworks.",https://fugueforthought.de/2016/08/04/ravel-tzigane/
9697d4fdf200,paganini_caprice_17,double stops on the lower two strings,thirty-second note runs on the A and E strings that converse back and forth with double stops on the lower two strings.,https://en.wikipedia.org/wiki/24_Caprices_for_Solo_Violin_(Paganini)
128b9766641b,paganini_caprice_24,"double stops, including thirds and tenths","Additionally, there are many double stops, including thirds and tenths.",https://en.wikipedia.org/wiki/Caprice_No._24_(Paganini)
b570449ab75a,ernst_erlkonig,"double, triple and quadruple stops","This is accomplished through the use of double, triple and quadruple stops, artificial harmonics and left-hand pizzicato.",https://en.wikipedia.org/wiki/Erlk%C3%B6nig_(Schubert)
23188b6e3d6b,kreisler_praeludium_allegro,double-stop-ridden final issue of the theme,"a flash-and-dazzle quasi-cadenza, over a rumbling dominant pedal-point in the bass register of the piano, and a strong-willed, double-stop-ridden final issue of the theme.",https://sin80.com/en/work/kreisler-praeludium-allegro
b5f79ea4b26c,brahms_d_major_mvt3,double-stopped melody,"The finale presents ""double-stopped melody"" with ""a long, dramatic coda shared between the orchestra and soloist.""",https://redwoodsymphony.org/piece/violin-concerto-brahms/
c8d6ed3a7a60,brahms_d_major_mvt3,double-stopped thirds,"Brahms' Violin Concerto, which possesses a Finale theme of similar rhythmic vigour, also in double-stopped thirds",https://feargushetherington.com/repertoire/direct-from-the-violin/bruch-violin-concerto-no1-op26/programme-note/
c45a5bc07bd9,bruch_g_minor_mvt3,double-stopped thirds,"Brahms' Violin Concerto, which possesses a Finale theme of similar rhythmic vigour, also in double-stopped thirds, was completed just ten years after Bruch's.",https://feargushetherington.com/repertoire/direct-from-the-violin/bruch-violin-concerto-no1-op26/programme-note/
3545a4156787,kreisler_praeludium_allegro,"double-stops without the open E, then adding the open E to get accustomed to lifting your fingers","A great way to work on left-hand intonation is to practice this passage in double-stops without the open E, then adding the open E to get accustomed to lifting your fingers.",https://stringsmagazine.com/creativity-and-technique-come-together-in-fritz-kreislers-praeludium-and-allegro/
4837b71180e2,brahms_d_major_mvt1,"double-stops, vigorous bowing, and the full range of violin pyrotechnics","Brahms' violin concerto showcases ""double-stops, vigorous bowing, and the full range of violin pyrotechnics,""",https://usuo.org/explore/2019/01/brahms-concerto-in-d-major-for-violin-and-orchestra-op-77/
c3fefa5f7244,brahms_d_major_mvt3,"double-stops, vigorous bowing, and the full range of violin pyrotechnics","The concerto features ""double-stops, vigorous bowing, and the full range of violin pyrotechnics,"" distinguishing it from Brahms' more subtle piano concertos.",https://floridaorchestra.org/program-notes/program-notes-brahms-violin-concerto-2223/
6c7349cbc1d2,_general,drawing the bow from frog to tip on open strings,"For six months I had lessons on open strings, drawing the bow from frog to tip.",https://www.thestrad.com/playing-hub/aaron-rosand-on-how-to-produce-a-beautiful-tone/264.article
675af73d0db7,_general,drawing the bow without exerting pressure on the stick,one must practise creating the sound that can be made when one draws the bow without exerting pressure on the stick,https://www.thestrad.com/playing-hub/aaron-rosand-on-how-to-produce-a-beautiful-tone/264.article
387df71d178c,brahms_d_major_mvt3,dynamic rising scale in octaves,"The movement features ""a dynamic rising scale in octaves and a beautifully lyrical episode"" with metric shifts from 2/4 to 3/4",https://www.laphil.com/musicdb/pieces/6755/violin-concerto
83bc1a6636dd,vivaldi_rv356_mvt1,early work in third position,"Many violinists first encounter it while developing comfort with concerto form, expressive phrasing, early work in third position, and coordination between bow articulation and musical structure.",https://heatherkayeviolin.com/vivaldi-violin-concerto-a-minor-allegro/
6cfcc74e20f6,bach_adagio_g_minor_bwv1001,"elaborate carefully notated ornamentation giving a free, improvisatory impression","Bach's elaborate ornamentation in the G minor Adagio makes a fitting opening... his ornamentation is carefully notated, though the Adagio gives a free, improvisatory impression","https://www.parlancechamberconcerts.org/individual-program-notes/johann-sebastian-bach-(1685-1750)/adagio-and-presto-from-sonata-no.-1-in-g-minor-for-unaccompanied-violin,-bwv-1001"
8965f0219490,sarasate_carmen_fantasy,ending in flageolets,"Carmen's mocking theme, ending in flageolets.",https://en.wikipedia.org/wiki/Carmen_Fantasy_(Sarasate)
99f6b9d20476,bruch_g_minor_mvt1,endurance of tone – in sustaining a phrase,The challenge lies not in brilliance but in the endurance of tone – in sustaining a phrase so that it unfolds with inevitability rather than urgency.,https://www.thestrad.com/playing-hub/form-revealed-bruchs-violin-concerto-and-the-discipline-of-fire/20942.article
78a31e0d60cb,stravinsky_concerto_d_mvt1,"enormous stretch, from the E to the top A","I had never seen a chord with such an enormous stretch, from the E to the top A, and I said 'No.'",https://houstonsymphony.org/stravinsky-violin-concerto/
16cd38898516,beethoven_d_major_mvt1,Establishing the octave shape between first and fourth fingers,Establishing the octave shape between first and fourth fingers (or first and third in higher registers) requires adjusting finger distance based on fingerboard position.,https://stringsmagazine.com/a-new-way-to-practice-the-octaves-in-beethovens-violin-concerto/
9958ff9fa48e,sarasate_zigeunerweisen,executing precise pizzicato and fast shifts,from mastering harmonics and intricate left-hand passage work to executing precise pizzicato and fast shifts.,https://strings.tonebase.co/online-violin-courses/vln-timothy-chooi-sarasate-zigeunerweisen
b4bfd4e79f09,sibelius_d_minor_mvt1,expressive and incredibly demanding figuration,"The soloist develops the opening melody's beginning with ""expressive and incredibly demanding figuration""",https://houstonsymphony.org/sibelius-violin-concerto/
99fd2124987d,massenet_meditation_thais,expressive vibrato across strings and registers,It asks for expressive vibrato across strings and registers and demands seamless legato playing across a wide range of dynamics.,https://www.ciximusic.com/can-beginner-violinists-learn-meditation-thais
1952db405a4c,sibelius_d_minor_mvt1,extended cadenza for unaccompanied violin,"A tense section featuring trills leads to ""a powerful new theme for orchestra,"" followed by an extended cadenza for unaccompanied violin.",https://houstonsymphony.org/sibelius-violin-concerto/
1320abb2cb4b,shostakovich_concerto1_mvt3_passacaglia,extended cadenza which grows in intensity,"an extended cadenza which grows in intensity, brings a ferocious restatement of the DSCH motif, and delivers us into the final movement.",https://thelistenersclub.com/2023/03/10/shostakovichs-first-violin-concerto-dangerous-music-for-the-desk-drawer/
1616eda2131a,ravel_tzigane,"extended solo violin cadenza, initially confined to a single string","The work opens with an extended solo violin cadenza, initially confined to a single string, before expanding into a rhapsodic structure",https://lansdowneso.org/ravel-tzigane/
952c65222279,strauss_sonata_eb_mvt1,extended the technical capabilities of the violin,"it is actually a ""significant artistic and maturational turning point,"" which extended the technical capabilities of the violin.",https://www.o-em.org/wp/strauss-sonata-interpretations/
530a8ae1a316,wieniawski_legende,"extreme dynamics, slides, and octaves","you can hear Wieniawski's longing in the phrasing, along with an emotional intensity in his use of extreme dynamics, slides, and octaves.",https://musichistoryfsu.wordpress.com/2015/03/07/henryk-wieniawski-1835-1880-and-legende/
6c6859c7c7fa,sibelius_d_minor_mvt3,extreme virtuosity,"From the first solo entrance the violin is given all the attention, with the orchestra staying in the background and the soloist asked to present a show of extreme virtuosity.",https://www.thestrad.com/artists/masterclass-leonidas-kavakos-on-the-sibelius-violin-concerto/7349.article
2267563a6f1a,paganini_caprice_24,extremely fast scales and arpeggios including minor scales,"extremely fast scales and arpeggios including minor scales, left hand pizzicato, high positions, and quick string crossings.",https://en.wikipedia.org/wiki/Caprice_No._24_(Paganini)
4e59d0868ec6,kreisler_praeludium_allegro,famous bariolage section,The famous bariolage section from mm. 121 to 143 contains several different challenges.,https://stringsmagazine.com/creativity-and-technique-come-together-in-fritz-kreislers-praeludium-and-allegro/
c52d463d5bf4,paganini_caprice_4,fast passages with many challenging double stops,passages that alter between slow passages with multiple voices and fast passages with many challenging double stops.,https://en.wikipedia.org/wiki/24_Caprices_for_Solo_Violin_(Paganini)
2a5337518024,paganini_caprice_5,fast ricochet bowings,Caprice No. 5 focuses on fast ricochet bowings. It begins and ends with a section of ascending arpeggios followed by descending scales.,https://en.wikipedia.org/wiki/24_Caprices_for_Solo_Violin_(Paganini)
57fdcf5ce221,haydn_c_major_hobviia1_mvt1,fast runs,"intonation, string crossings, shifting, legato, staccato, portato, fast runs, ornaments, trills, double stops, chords, vibrato, articulation, dynamics","https://www.violinwiki.org/wiki/Violin_Concerto_No._1_in_C_major,_Hob._VIIa:1,_1st_Movement_(Haydn,_Franz_Joseph)"
c12f559b2ace,mendelssohn_e_minor_mvt1,fast runs,"intonation, string crossings, shifting, legato, staccato, portato, ricochet, fast runs, sustained tone, ornaments, trills, harmonics","https://www.violinwiki.org/wiki/Violin_Concerto_No._2_in_E_minor,_Op._64,_MWV_O_14,_1st_Movement_(Mendelssohn-Bartholdy,_Felix)"
baf5fcb01fe1,mendelssohn_e_minor_mvt3,fast runs,"portato, ricochet, fast runs, sustained tone, ornaments, trills, harmonics, right hand pizzicato, chords","https://www.violinwiki.org/wiki/Violin_Concerto_No._2_in_E_minor,_Op._64,_MWV_O_14,_3rd_Movement_(Mendelssohn-Bartholdy,_Felix)"
6ce2df2284df,kreisler_recitativo_scherzo_caprice,"fast-paced tempo, often in the upper range of the instrument","The technical difficulties challenge the player along with its fast-paced tempo, often in the upper range of the instrument",https://scholarworks.uni.edu/agss/2018/all/49/
37423057b0cf,ysaye_sonata6,feathery flurry of sixths,"in each note, each ornament, each double stop, each feathery flurry of sixths—a prompt for action.",https://www.maramarietta.com/the-arts/music/classical/ysaye/
95d63b6746c4,wieniawski_scherzo_tarantelle,fiery double-stops to the whirlwind scales,"every phrase crackles with intensity, from the fiery double-stops to the whirlwind scales that seem to defy gravity.",https://interlude.hk/henryk-wieniawskis-dazzling-decade-10-most-electrifying-showstoppers/
e86ba39e38aa,ernst_last_rose_variations,filigreed version of the melody accompanied by simultaneous left-handed pizzicato,including a filigreed version of the melody accompanied by simultaneous left-handed pizzicato.,https://interlude.hk/hardest-violin-pieces-ever-writtenthe-10-most-technically-demanding-works-in-the-repertoire/
dc8a7932d60d,saint_saens_havanaise,final incredibly high note,The dynamic slowly drops before the final incredibly high note is played by the soloist,https://classicalexburns.com/2022/02/21/camille-saint-saens-habanera-happiness/
6dc8d160cac9,_general,"fingers binary 'down' or 'not down', not gradual","Even when playing slowly, there isn't a gradual element in the fingers—it's a binary 'down' or 'not down.'",https://stringsmagazine.com/rethinking-your-approach-to-intonation-on-violin/
4fbdbc9408fc,_general,"fingers descend in a natural arc from a relaxing base knuckle, rebound on release","fingers should descend in a natural arc from a relaxing base knuckle, aiming to crisply clear the note's threshold with a sense of rebound on release",https://stringsmagazine.com/rethinking-your-approach-to-intonation-on-violin/
1aad2f5bc8da,_general,flat hair on the down bow to get a thicker tone,Try using a flat hair on the down bow to get a thicker tone. Draw with the fingers working closely together and the palm facing out.,https://www.thestrad.com/playing-hub/aaron-rosand-on-how-to-produce-a-beautiful-tone/264.article
341652c8cabd,_general,"flautato — high-speed bowing with little pressure, whistling transparent sound","flautato, a high-speed bowing technique with little pressure that creates a whistling, transparent sound",https://www.lvlmusicacademy.com/bowing-techniques-violinists/
e3821d0333ec,sarasate_zigeunerweisen,flying spiccato and ricochet bowings,"the melody...is punctuated with difficult runs and other technically demanding figures, including flying spiccato and ricochet bowings.",https://rhapsodyinwords.com/tag/zigeunerweisen-gypsy-airs-opus-20/
c04abf49d785,sarasate_zigeunerweisen,flying spiccato and ricochet bowings,"the melody is punctuated with difficult runs and other technically demanding figures, including flying spiccato and ricochet bowings.",https://en.wikipedia.org/wiki/Zigeunerweisen
3263784ecb7b,_general,"flying spiccato — several notes on one stroke, almost vertically jumping from the string","flying spiccato, where you play several notes on one stroke, almost vertically jumping from the string",https://www.lvlmusicacademy.com/bowing-techniques-violinists/
3155a984a55e,ysaye_sonata2_mvt1,formidable quadruple stopping in pizzicato,"The ""Danse des ombres"" opens ""with some formidable quadruple stopping in pizzicato""",https://www.maramarietta.com/the-arts/music/classical/ysaye/
3ade3c8c6d92,ysaye_sonata1_mvt1,four-note chords and motivic insistence on rising minor seconds,"The work features four-note chords and motivic insistence on rising minor seconds. A passage played ""sul ponticello, near the bridge"" creates shadowy effects.",https://www.maramarietta.com/the-arts/music/classical/ysaye/
9e302d3a9473,sarasate_zigeunerweisen,"free rubato sections, mastering slurred staccato and ricochet passages","navigating free rubato sections, mastering slurred staccato and ricochet passages, and tackling virtuosic left-hand passages.",https://strings.tonebase.co/online-violin-courses/vln-timothy-chooi-sarasate-zigeunerweisen
c02b438f27cc,haydn_c_major_hobviia1_mvt1,frequent use of arpeggios,"The solo part has wide melodic leaps, long strings of harmonic sequences, and frequent use of arpeggios.",https://www.riphil.org/the-story-behind-haydn-s-violin-concerto-in-c-major
cd93a7d6855a,ysaye_sonata1_mvt1,fugato in second position,"a shadow sonata after Bach's first, following a similar slow-fast-slow-fast structure with a fugato in second position.",https://www.hyperion-records.co.uk/dw.asp?dc=W7754_66940
c4dae75c4a5a,massenet_meditation_thais,"full command of bow speed, pressure, and contact point","Without full command of bow speed, pressure, and contact point, the tone collapses into scratchy or whispery territory.",https://www.ciximusic.com/can-beginner-violinists-learn-meditation-thais
e83046bb502f,kreisler_praeludium_allegro,"get to know the entire violin fingerboard and its positions, and shift from one position to another very quickly","it requires the violinist to get to know the entire violin fingerboard and its positions, and also to be able to shift from one position to another very quickly, with a clean sound",https://www.cmuse.org/kreisler-praeludium-and-allegro-difficulty/
5a9fbba81ff7,ysaye_sonata2_mvt1,"ghostly ponticello, abraded wisps of sound produced by bowing close to the bridge","full of big contrasts between demonic outbursts and ghostly _ponticello_, abraded wisps of sound produced by bowing close to the bridge of the instrument.",https://www.laphil.com/musicdb/pieces/3446/sonata-in-a-minor-for-solo-violin-obsession-op-27-no-2
5b5b4c930168,ysaye_sonata1_mvt1,ghostly tremolo sul ponticello coda,"Features ""ghostly tremolo sul ponticello coda of the Grave""",https://www.maramarietta.com/the-arts/music/classical/ysaye/
81ce75f80f50,lalo_symphonie_espagnole_mvt1,glissando,"intonation, glissando, harmonics, ornaments, legato, staccato, 1-15th position, chords, vibrato, articulation, dynamics","https://www.violinwiki.org/wiki/Symphonie_espagnole,_Op._21,_1st_Movement_(Lalo,_%C3%89douard)"
ccba725e3e1e,bartok_sonata2_mvt1,glissando and portamento techniques from Roma fiddling,"Bartók incorporates glissando and portamento techniques from Roma fiddling, exploiting the spaces between piano keys.",https://www.hollywoodbowl.com/musicdb/pieces/3526/sonata-no-2-for-violin-and-piano-sz-76
05fe51eb1bf8,sarasate_carmen_fantasy,"glissando, flageolet, and pizzicato techniques","Features Aragonaise material with glissando, flageolet, and pizzicato techniques.",https://en.wikipedia.org/wiki/Carmen_Fantasy_(Sarasate)
f60b21bc2917,lalo_symphonie_espagnole_mvt5,glissandos,"all filled with virtuoso ""tricks""—pizzicatos, quick alternation between high and low registers, and glissandos, among others.",https://www.runyanprogramnotes.com/program_note/symphonie-espagnole-op-21/
3e10e6fef945,bruch_g_minor_mvt1,"groups of seven and ten notes, dotted rhythms, and 32nds","These measures contain rhythmic irregularities—groups of seven and ten notes, dotted rhythms, and 32nds—that would seem tame if written regularly.",https://stringsmagazine.com/mastering-the-irregular-rhythmic-passages-in-the-first-movement-of-the-bruch-violin-concerto-no-1-in-g-minor/
c3c36aa032ce,ysaye_sonata4_mvt1,hardly seems a moment when at least two strings are not being engaged,the enthralling Finale—during which there hardly seems a moment when at least two strings are not being engaged—closes the most notoriously demanding piece of the set.,https://ecmreviews.com/2012/03/29/ysaye-sonates/
df3f6154b39a,ernst_last_rose_variations,harmonics,"Notice the combination of dazzling violinistic effects employed, from double stops and left hand pizzicato to harmonics, up bow staccato and spiccato bowing.",https://thelistenersclub.com/2013/09/02/the-last-rose-of-summer/
50b129ea9d25,lalo_symphonie_espagnole_mvt1,harmonics,"intonation, glissando, harmonics, ornaments, legato, staccato, 1-15th position, chords, vibrato, articulation, dynamics","https://www.violinwiki.org/wiki/Symphonie_espagnole,_Op._21,_1st_Movement_(Lalo,_%C3%89douard)"
4f74a3f9af8a,mendelssohn_e_minor_mvt1,harmonics,"sustained tone, ornaments, trills, harmonics, double stops, broken octaves, vibrato","https://www.violinwiki.org/wiki/Violin_Concerto_No._2_in_E_minor,_Op._64,_MWV_O_14,_1st_Movement_(Mendelssohn-Bartholdy,_Felix)"
7438586e566e,mendelssohn_e_minor_mvt3,harmonics,"sustained tone, ornaments, trills, harmonics, right hand pizzicato, chords, vibrato","https://www.violinwiki.org/wiki/Violin_Concerto_No._2_in_E_minor,_Op._64,_MWV_O_14,_3rd_Movement_(Mendelssohn-Bartholdy,_Felix)"
b7a99dd3df2b,ravel_tzigane,harmonics,"double stops at the octave, followed by trills, harmonics, and more exciting fireworks.",https://fugueforthought.de/2016/08/04/ravel-tzigane/
a64c0d6f912d,ravel_tzigane,harmonics... on and off at frightening speed,This happens on and off at frightening speed with much of the rest of the quartet.,https://fugueforthought.de/2016/08/04/ravel-tzigane/
7d14c8baa7af,_general,hear the new pitch in your head before shifting to it,Always HEAR the new pitch in your head before shifting to it. You will seriously be surprised at how quickly this improves your intonation accuracy in shifting.,https://heatherkayeviolin.com/how-to-improve-your-violin-shifting/
2ed7a89bfdd0,beethoven_d_major_mvt1,high ascending octaves (no room for an error in intonation),the soloist finally enters with a daring passage of high ascending octaves (no room for an error in intonation) playing in quasi-improvisatory fashion,https://www.indianapolissymphony.org/backstage/program-notes/beethoven-concerto-for-violin-and-orchestra/
2b41414769ac,paganini_caprice_24,high positions,"left hand pizzicato, high positions, and quick string crossings.",https://en.wikipedia.org/wiki/Caprice_No._24_(Paganini)
d1a02f387b02,paganini_caprice_13,high speed runs that exercise left hand flexibility and position shifting,"The second part consists of high speed runs that exercise left hand flexibility and position shifting, and right-hand high-speed string changing and detache bowing.",https://en.wikipedia.org/wiki/24_Caprices_for_Solo_Violin_(Paganini)
6fe652762295,sibelius_d_minor_mvt3,high violin harmonics,"Subsequent variations include ""high violin harmonics.""",https://houstonsymphony.org/sibelius-violin-concerto/
d66cfa44d6d2,ernst_erlkonig,"highly polyphonic nature, solo violin having to perform 4 independent voices","The work is characterized by its highly polyphonic nature, the solo violin having to perform the narrator, the Erlkönig, the father, and the child (4 independent voices) in their different vocal colourations, while maintaining an accompaniment at the same time.",https://en.wikipedia.org/wiki/Erlk%C3%B6nig_(Schubert)
952d9f7340dc,ligeti_concerto_mvt5,horribly challenging cadenza,In the last movement he uses Thomas Adès's superb – and horribly challenging – cadenza.,https://www.thestrad.com/reviews/augustin-hadelich-brahms-ligeti/9137.article
7305e63e525e,saint_saens_intro_rondo_capriccioso,huge leaps and brilliant arpeggios,"The rondo theme, marked ""Allegro ma non troppo,"" displays Spanish character with ""huge leaps and brilliant arpeggios.""",https://redwoodsymphony.org/piece/introduction-and-rondo-capriccioso/
fb58c064a2af,wieniawski_legende,hushed opening on the g string against a d string drone,the violin plays this hushed opening on the g string against a d string drone.,https://catthecynic.wixsite.com/catsmusicalmusings/post/wieniawski-s-legende-ary-love
e99a7430fa6f,bach_fugue_c_major_bwv1005,implied part-writing spinning two- and three-voice textures at dazzling speed,the Allegro assai finale demonstrates implied part-writing spinning two- and three-voice textures at dazzling speed,https://vanrecital.com/2014/04/program-notes-christian-tetzlaff
e568d9d0f050,mendelssohn_e_minor_mvt3,incredibly dexterous passage work,"The main theme is exhilarating and unbridled. It is also relentless, requiring incredibly dexterous passage work from the soloist.",https://coloradomusicfestival.org/mendelssohns-violin-concerto-a-jewel-that-changed-a-genre/
107ea1862536,paganini_caprice_17,incredibly difficult octave passage,The middle section is famous for the incredibly difficult octave passage.,https://en.wikipedia.org/wiki/24_Caprices_for_Solo_Violin_(Paganini)
5c38777fff21,ysaye_sonata4_mvt1,inner melodic voice plays in left-hand pizzicato,"The Sarabande uses ""different typefaces...to indicate the voice leading and in which an inner melodic voice plays in left-hand pizzicato""",https://www.maramarietta.com/the-arts/music/classical/ysaye/
c7abcd11746a,bach_adagio_g_minor_bwv1001,inner-ear sensitivity to implied polyphonic and harmonic textures,the keenest musical insights and inner-ear sensitivity to implied polyphonic and harmonic textures,https://www.laphil.com/musicdb/pieces/3505/sonata-no-1-in-g-minor-for-solo-violin-bwv-1001
219ae0a0ed4e,ysaye_sonata3_ballade,introduction featuring double stops,"preceded by an introduction featuring double stops and a ""recitativo"" section with chromatic melody.",https://www.maramarietta.com/the-arts/music/classical/ysaye/
eb07f720a6f7,ysaye_sonata3_ballade,introductory passages—a recitative and a passage largely in sixths,"with ""introductory passages—a recitative and a passage largely in sixths.""",https://www.hyperion-records.co.uk/dc.asp?dc=D_CDA67993
029c98baa19f,lalo_symphonie_espagnole_mvt4,jumping from third to twelfth position in only two octaves,"The opening of this concerto is extremely famous, jumping from third to twelfth position in only two octaves.",https://violinlounge.com/article/31-violin-concertos-ranked-by-difficulty-level/
4e8709676324,lalo_symphonie_espagnole_mvt5,jumping from third to twelfth position in only two octaves,"The opening of this concerto is extremely famous, jumping from third to twelfth position in only two octaves.",https://violinlounge.com/article/31-violin-concertos-ranked-by-difficulty-level/
778796b2d931,bach_chaconne,kaleidoscope of technical devices pushing the boundaries of the baroque violinist's art,"a kaleidoscope of technical devices both pushing the boundaries of, and summarizing, we might say, the baroque violinist's art",https://www.hyperion-records.co.uk/tw.asp?w=W6736
d43e2fc40939,_general,keep elbow at right angle when changing strings,"Maintain this squared position as you play, ensuring your arm retains the right angle when changing strings.",https://www.lvlmusicacademy.com/bowing-techniques-violinists/
0417a610022a,_general,"keep left wrist straight, don't let violin neck rest on palm or wrist",Keep your wrist straight. Don't let the violin neck rest on your palm or wrist. This incorrect hand position will make it impossible to do vibrato on the violin,https://meadowlarkviolin.com/violinblog/when-should-i-learn-vibrato
c5c0e3490782,_general,keep the bow flat on the strings,beginners and intermediate players should focus on keeping the bow flat on the strings for better control and depth of sound,https://www.lvlmusicacademy.com/bowing-techniques-violinists/
b4c7efc822be,shostakovich_concerto1_mvt3_passacaglia,klezmer theme in the violin's highest register,"Climaxing with the return of the klezmer theme in the violin's highest register, the cadenza then accelerates into the finale.",https://houstonsymphony.org/shostakovich-violin-concerto-1/
78431b5cdff9,beriot_scene_de_ballet,"la gamme muette: extremely light, slow and sustained bowing in scales","He perpetuates Viotti's ""la gamme muette"" practice technique which involves extremely light, slow and sustained bowing in scales",https://www.thestrad.com/bringing-singing-to-violin-technique-charles-auguste-de-beriot/1155.article
37de0bc9bdd9,bach_preludio_e_major_bwv1006,large-muscle motion from the shoulder changing arm angles to accommodate different strings,"Large-muscle motion from the shoulder involves changing arm angles to accommodate different strings. The G string requires a higher arm position, with progressive drops for D, A, and E strings.",https://stringsmagazine.com/all-motions-great-small-how-to-practice-string-crossing-technique-for-bariolage/
206d87a2473d,ysaye_sonata3_ballade,larger-than-octave leaps,"The Lento molto sostenuto section that opens the movement is both precise and emotional, with longing half-steps and daunting larger-than-octave leaps.",https://www.laphil.com/musicdb/pieces/4590/violin-sonata-in-d-minor-op-27-no-3-ballade
7f89ff5c715c,_general,laying the bow lightly upon the strings at the first contact,"This depends on laying the bow lightly upon the strings at the first contact, and on gently pressing it afterwards",https://www.thestrad.com/playing-hub/7-ways-to-improve-your-tone/170.article
da01c1dd41ef,_general,least amount of pressure possible to press the string down,Use the Least Amount of Pressure Possible to Press the String Down,https://meadowlarkviolin.com/violinblog/when-should-i-learn-vibrato
b01b678f22d6,sarasate_zigeunerweisen,"left and right hand coordination, executing shifts","invaluable guidance on left and right hand coordination, executing shifts, refining sound production",https://strings.tonebase.co/online-violin-courses/vln-timothy-chooi-sarasate-zigeunerweisen
c6d82612b76c,beriot_scene_de_ballet,left and right-hand pizzicato,"along with discussions of trills and other specific ornaments, left and right-hand pizzicato, and natural and artificial harmonics in single- and double-stopping.",https://www.thestrad.com/bringing-singing-to-violin-technique-charles-auguste-de-beriot/1155.article
7b1b5dd7c872,ernst_last_rose_variations,left hand pizzicato,"Notice the combination of dazzling violinistic effects employed, from double stops and left hand pizzicato to harmonics, up bow staccato and spiccato bowing.",https://thelistenersclub.com/2013/09/02/the-last-rose-of-summer/
113f218d49e3,paganini_caprice_24,left hand pizzicato,"tremendously fast scales and arpeggios, double and triple stops, left hand pizzicato, parallel octaves and tenths, rapid shifting",https://en.wikipedia.org/wiki/24_Caprices_for_Solo_Violin_(Paganini)
49d8ad7c2a5e,paganini_caprice_24,left hand pizzicato,"extremely fast scales and arpeggios including minor scales, left hand pizzicato, high positions, and quick string crossings.",https://en.wikipedia.org/wiki/Caprice_No._24_(Paganini)
64235db2d225,tchaikovsky_d_major_mvt1,"left hand should also provide maximum articulation, popping down on the fingerboard","The left hand here should also provide maximum articulation, ""popping down on the fingerboard"".",https://www.tonebase.co/violin-blog-posts/tchaikovsky-violin-concerto
33588321ad1d,mendelssohn_e_minor_mvt1,left hand will move from chord to chord,Your left hand will not be playing these as separate notes—it will move from chord to chord.,https://stringsmagazine.com/the-spiccato-bariolage-passage-of-mendelssohns-violin-concerto-is-one-challenge-among-many/
a70d98b500d0,ernst_erlkonig,left-hand pizzicato,"This is accomplished through the use of double, triple and quadruple stops, artificial harmonics and left-hand pizzicato.",https://en.wikipedia.org/wiki/Erlk%C3%B6nig_(Schubert)
40c75f1b4357,schoenberg_violin_concerto_mvt1,left-hand pizzicato intertwined with the rest of the bowed solo part,(what I assume is left-hand) pizzicato intertwined with the rest of the bowed solo part.,https://fugueforthought.de/2017/09/01/schoenberg-violin-concerto-op-36/
0219b3642201,ernst_erlkonig,left-hand pizzicato to pluck out the melody while a running scale accompaniment plays on,cross-string arpeggios and the use of left-hand pizzicato to pluck out the melody while a running scale accompaniment plays on.,https://www.flyinginkpot.com/1998/05/inkpot53-classical-music-reviews-ernst-music-for-violin-turbanbria-claves/
985f20a82780,ernst_last_rose_variations,left-hand pizzicato to pluck out the melody while a running scale accompaniment plays on,the use of left-hand pizzicato to pluck out the melody while a running scale accompaniment plays on.,https://www.flyinginkpot.com/1998/05/inkpot53-classical-music-reviews-ernst-music-for-violin-turbanbria-claves/
9904c59cbe34,berg_violin_concerto,lengthy violin harmonic notes,"Another passacaglia, here of shifting stillness, ensued, lengthy violin harmonic notes eventually rudely assailed",https://boulezian.blogspot.com/2023/02/kopatchinskajalsoroth-ligeti-and.html
e0e4bd9b67ee,wieniawski_polonaise_1_d_major,lightning-fast scales and jaunty phrases,"Wieniawski infuses the stately rhythm with a playful edge, tossing in lightning-fast scales and jaunty phrases",https://interlude.hk/henryk-wieniawskis-dazzling-decade-10-most-electrifying-showstoppers/
25cad9f5788b,_general,liquidity of position-changes,"His fingers appeared to caress the fingerboard with the minimum of perceived effort and height, and the liquidity of his position-changes made the potentially hazardous appear graceful.",https://www.thestrad.com/artists/remembering-the-great-violinist-david-oistrakh/4547.article
8d1f38e73993,_general,"little finger raised through most of the stroke, contacting stick to counterbalance bow change","The little finger was raised through most of the stroke, only coming into contact with the stick as the heel approached and departed the violin so as to counterbalance each bow change",https://www.thestrad.com/artists/remembering-the-great-violinist-david-oistrakh/4547.article
fd918dbf1b09,schoenberg_violin_concerto_mvt1,little finger to become longer,I want the concerto to be difficult and I want the little finger to become longer.,https://boulezian.blogspot.com/2020/03/the-violinist-is-really-playing-fiddle.html
a73926d24469,bartok_sonata2_mvt1,long legato phrases,On the whole the violin part is dominated by long legato phrases and the piano part by chord progressions,https://www.westcorkmusic.ie/works/violin-sonata-no-2-sz-76/
54a122abce70,sarasate_zigeunerweisen,"long spiccato runs, along with double stops, artificial harmonics and left-hand pizzicato","The challenging solo part consists mainly of long spiccato runs, along with double stops, artificial harmonics and left-hand pizzicato",https://rhapsodyinwords.com/tag/zigeunerweisen-gypsy-airs-opus-20/
2d425fcdc895,sarasate_zigeunerweisen,"long spiccato runs, along with double stops, artificial harmonics and left-hand pizzicato","The challenging solo part consists mainly of long spiccato runs, along with double stops, artificial harmonics and left-hand pizzicato in 2/4 time.",https://en.wikipedia.org/wiki/Zigeunerweisen
cc6616e19188,vivaldi_rv356_mvt1,low first finger or a low fourth finger,"You have the option to use a low first finger or a low fourth finger here, depending on what's more comfortable for you.",https://kennedyviolins.com/blogs/education-center/suzuki-book-4-vivaldi-concerto-in-a-minor-1st-movement-violin-play-along-lesson
1aa20828a8b0,paganini_moto_perpetuo,machine-gun sixteenth notes never once stop through 187 measures,The machine-gun sixteenth notes never once stop through 187 measures of music.,https://jackbellpercussion.com/performing-paganinis-perpetual-motion/
03063d283adc,shostakovich_concerto1_mvt4_burlesque,"mad, virtuoso fiddle music","Its mad, virtuoso fiddle music brings the concerto to an unsettling, but thrilling conclusion.",https://houstonsymphony.org/shostakovich-violin-concerto-1/
75db89db0a4c,vieuxtemps_5_mvt1,magnificent polyphonic meditation,"A cadenza follows, described as ""a magnificent polyphonic meditation"" rather than merely a display vehicle.",https://www.hyperion-records.co.uk/dw.asp?dc=W12926_67798
31c7a0ef0c99,wieniawski_legende,main theme is played Sul G,"we are brought back to the A section as the main theme is played Sul G, taking on a stormy character.",https://catthecynic.wixsite.com/catsmusicalmusings/post/wieniawski-s-legende-ary-love
b369448a3b51,bach_fugue_c_major_bwv1005,maintaining sound and sonority at the fast pace,"The work demands both speed and clarity: ""One challenge is maintaining sound and sonority at the fast pace.""",https://www.rolf-musicblog.net/bach-sonata-no-3-in-c-major-for-violin-solo-bwv-1005/
7998ab07ef0c,ysaye_sonata2_mvt1,Malinconia with mute,"incorporation of the ""Dies irae"" plainchant motif across movements, including ""Malinconia"" with mute and ""Les furies.""",https://www.hyperion-records.co.uk/dc.asp?dc=D_CDA67993
9db47208b574,vivaldi_rv356_mvt1,"martellato marking (indicating strong, detached notes) along with staccato","We see another martellato marking (indicating strong, detached notes) along with staccato. Here, it's important to keep the bow movement crisp and deliberate.",https://kennedyviolins.com/blogs/education-center/suzuki-book-4-vivaldi-concerto-in-a-minor-1st-movement-violin-play-along-lesson
32c4420e7170,_general,martelé lancé — longer stroke with higher bow speed and firm accents,"martelé lancé, a longer stroke with higher bow speed and firm accents",https://www.lvlmusicacademy.com/bowing-techniques-violinists/
35884c170b9e,tchaikovsky_d_major_mvt1,Martelé stroke and double down-bows,"Kim suggests bowing in measure 63 with a Martelé stroke and double down-bows, giving this segment a slightly heavier, grounded feeling.",https://www.tonebase.co/violin-blog-posts/tchaikovsky-violin-concerto
780298354e0c,_general,"martelé — each note begins with distinct accent, slight pause between notes","With martelé, each note begins with a distinct accent, and there's a slight pause between the notes.",https://www.lvlmusicacademy.com/bowing-techniques-violinists/
b90b62ec6d54,shostakovich_concerto1_mvt3_passacaglia,massive cadenza connecting the great Passacaglia and the fourth movement,"The concerto was vast, in four movements with a massive cadenza connecting the great Passacaglia and the fourth movement.",https://tarisio.com/lso-digital-exhibition/shostakovich-oistrakh-kavakos/
bf0043f8f08d,sarasate_zigeunerweisen,mastering harmonics and intricate left-hand passage work,from mastering harmonics and intricate left-hand passage work to executing precise pizzicato and fast shifts.,https://strings.tonebase.co/online-violin-courses/vln-timothy-chooi-sarasate-zigeunerweisen
cb35e6155c0f,_general,"medium–fast, full bow strokes delivering a full-throated sound","His medium–fast, full bow strokes delivered a full-throated sound midway between Milstein's satin purity and Stern's galvanising strength.",https://www.thestrad.com/artists/remembering-the-great-violinist-david-oistrakh/4547.article
d46509def009,ligeti_concerto_mvt5,microtonal,The Violin Concerto emerged in context as a microtonal dance of something between life and death,https://boulezian.blogspot.com/2023/02/kopatchinskajalsoroth-ligeti-and.html
20da7187e6fc,vivaldi_rv356_mvt1,move from the lower half of the bow to the upper half,"You'll notice that we move from the lower half of the bow to the upper half. This allows you to maintain a light, airy sound while still keeping control of the accents on the downbeat.",https://kennedyviolins.com/blogs/education-center/suzuki-book-4-vivaldi-concerto-in-a-minor-1st-movement-violin-play-along-lesson
245e7c0d9ff8,_general,move thumb forward before using fourth finger for clean balanced finger swing,"violinists need to move their thumb forward before using the fourth finger to enable a clean, balanced finger swing",https://stringsmagazine.com/rethinking-your-approach-to-intonation-on-violin/
a63178eb7d40,ysaye_sonata1_mvt1,"Much double-, treble- and quadruple-stopping, often with one of the constituent notes to be accented","Much double-, treble- and quadruple-stopping, often with one of the constituent notes to be accented; regular bursts of pseudo-Bach, often in chromatic vein",https://www.hyperion-records.co.uk/dc.asp?dc=D_CDA67993
99c09a1b9d94,bach_chaconne,multi-stopping and chords are challenging to say the least,The multi-stopping and chords are challenging to say the least. I must study Heifetz's masterclass,https://rhapsodyinwords.com/2014/09/09/a-study-of-j-s-bachs-baroque-violin-masterpiece-the-chaconne-in-d-minor/
b2862d700139,bach_presto_g_minor_bwv1001,multiple stoppings,"unfaltering facility in matters of digital and rhythmic dexterity and preciseness of pitch, particularly in the multiple stoppings",https://www.laphil.com/musicdb/pieces/3505/sonata-no-1-in-g-minor-for-solo-violin-bwv-1001
93cd7e436398,schoenberg_violin_concerto_mvt1,musical responsibilities...carry the player to the very edge of instrumental brinksmanship,The musical responsibilities it imposes on both fingerboard and bowing techniques carry the player to the very edge of instrumental brinksmanship,https://www.laphil.com/musicdb/pieces/4504/violin-concerto
c7207c28fb65,ysaye_sonata2_mvt1,muted strings of Malinconia,"these monumental signatures share more than a few loops and hooks, exhaling nebulae on the muted strings of ""Malinconia.""",https://ecmreviews.com/2012/03/29/ysaye-sonates/
132fd9ab0994,brahms_sonata3_d_minor_mvt1,mysterious bariolage bowing figures,"while the violin engages in mysterious bariolage bowing figures. In the final moments, the first theme returns",https://thelistenersclub.com/2024/05/15/brahms-violin-sonata-no-3-in-d-minor-tempestuous-and-dramatic/
e1e34456ce87,beriot_scene_de_ballet,natural and artificial harmonics in single- and double-stopping,"along with discussions of trills and other specific ornaments, left and right-hand pizzicato, and natural and artificial harmonics in single- and double-stopping.",https://www.thestrad.com/bringing-singing-to-violin-technique-charles-auguste-de-beriot/1155.article
ac8a7d635179,wieniawski_legende,new theme in double stops and chords,the orchestra plays in a march-like rhythm while the soloist outlines a new theme in double stops and chords.,https://muswrite.blogspot.com/2014/07/wieniawski-legende-for-violin-and.html
cbf3d29eaa92,paganini_moto_perpetuo,nonstop cascade of rapid notes,a high-energy work that sounds like a nonstop cascade of rapid notes that push the violin and its player to the absolute limit.,https://interlude.hk/niccolo-paganinis-devilish-genius-10-tracks-that-conjure-his-violin-sorcery/
edde4c685ae0,_general,not mashing the string past where the note is clear (throws pitch sharp),"a player might tend to mash the string down past where the note is already clear, which doesn't help the sound—it actually throws the pitch sharp and deadens your sensitivity",https://stringsmagazine.com/rethinking-your-approach-to-intonation-on-violin/
b51044a981f3,bartok_sonata2_mvt1,occasionally plays without vibrato for an ethereal quality,the violin occasionally plays without vibrato for an ethereal quality.,https://www.hollywoodbowl.com/musicdb/pieces/3526/sonata-no-2-for-violin-and-piano-sz-76
d22b46a36e56,bartok_sonata2_mvt1,Octave displacement—placing successive melodic notes in different registers,"Octave displacement—placing successive melodic notes in different registers—appears, though less prominently than in the First Sonata's first movement.","https://www.parlancechamberconcerts.org/individual-program-notes/b%C3%A9la-bart%C3%B3k-(1881%E2%80%931945)/violin-sonata-no.-2,-bb-85-(sz.-76)"
d3740b886dd1,mendelssohn_e_minor_mvt1,octave practice for the first double-stop passage,Wohlfahrt's Étude No. 60 offer supplemental octave practice for the first double-stop passage players encounter in the Mendelssohn.,https://stringsmagazine.com/tips-on-nailing-tricky-double-stops-in-mendelssohns-violin-concerto/
4a39f424db5b,beriot_scene_de_ballet,"off-string bowing, louré","the violinist performs a showpiece section of high technical difficulty, including off-string bowing, louré, etc.",http://cm2.chimeimuseum.org/ChimeiEN/music.aspx?id=sr022
48472e2fda5a,_general,"on the up bow, the stick is turned slightly and played at an angle","On the up bow, the stick is turned slightly and played at an angle.",https://www.thestrad.com/playing-hub/aaron-rosand-on-how-to-produce-a-beautiful-tone/264.article
3848c1e36e69,mendelssohn_e_minor_mvt1,ornaments,"sustained tone, ornaments, trills, harmonics, double stops, broken octaves","https://www.violinwiki.org/wiki/Violin_Concerto_No._2_in_E_minor,_Op._64,_MWV_O_14,_1st_Movement_(Mendelssohn-Bartholdy,_Felix)"
29d8fbc77c1a,mendelssohn_e_minor_mvt3,ornaments,"fast runs, sustained tone, ornaments, trills, harmonics, right hand pizzicato, chords","https://www.violinwiki.org/wiki/Violin_Concerto_No._2_in_E_minor,_Op._64,_MWV_O_14,_3rd_Movement_(Mendelssohn-Bartholdy,_Felix)"
3a10b88d6b7d,ysaye_sonata1_mvt1,parallel fourths and fifths,One contrasting section uses parallel fourths and fifths reminiscent of Debussy.,https://vanrecital.com/2014/04/program-notes-christian-tetzlaff/
829f9cc8a428,paganini_caprice_24,parallel octaves and rapid shifting covering many intervals,"It requires many highly advanced techniques such as parallel octaves and rapid shifting covering many intervals, extremely fast scales and arpeggios",https://en.wikipedia.org/wiki/Caprice_No._24_(Paganini)
f8b7d8f7974c,paganini_caprice_24,parallel octaves and tenths,"double and triple stops, left hand pizzicato, parallel octaves and tenths, rapid shifting, and string crossings.",https://en.wikipedia.org/wiki/24_Caprices_for_Solo_Violin_(Paganini)
9a03af11117e,wieniawski_legende,"Parallel octaves, rapid arpeggios, double harmonics, upbow staccato, tenths, complex double stops, massive chords","Parallel octaves, rapid arpeggios, double harmonics, upbow staccato, tenths, complex double stops, massive chords… you name it.",https://catthecynic.wixsite.com/catsmusicalmusings/post/wieniawski-s-legende-ary-love
93954ffbff0f,kreisler_recitativo_scherzo_caprice,parlando bowing,"The Recitativo demands the parlando bowing that was a persuasive part of Kreisler's armoury, while the Scherzo calls for considerable virtuosity.",https://www.hyperion-records.co.uk/dw.asp?dc=W15157_68040
d41d726b575b,mendelssohn_e_minor_mvt1,"passages of octaves, thirds, and other flashy tricks","But after these come passages of octaves, thirds, and other flashy tricks one might expect in a more Romantic work.",https://stringsmagazine.com/the-spiccato-bariolage-passage-of-mendelssohns-violin-concerto-is-one-challenge-among-many/
a0fed273215a,ades_concentric_paths,passages that may not even be technically possible for many players,There are passages that may not even be technically possible for many players – it's that extreme.,https://www.thestrad.com/playing-hub/something-deeply-human-and-expressive-breaks-through-leila-josefowicz-on-the-violin-concerto-of-thomas-ades/20448.article
f8f727fd0d1a,kreisler_praeludium_allegro,pattern for string crossings can be difficult,"The pattern for string crossings can be difficult as well, so practice the entire passage with open strings",https://stringsmagazine.com/creativity-and-technique-come-together-in-fritz-kreislers-praeludium-and-allegro/
946e9d73d742,mozart_k218_mvt1,pearly scales and flashing arpeggios,a free fantasia of pearly scales and flashing arpeggios,https://fugueforthought.de/2019/02/19/mozart-violin-concerto-no-4-in-d-k-218/
0512df29ab7e,kreisler_praeludium_allegro,"perfect intervals that cover much of the instrument's range, making tuning a challenge","The opening Praeludium takes shape primarily in perfect intervals that cover much of the instrument's range, making tuning a challenge.",https://stringsmagazine.com/creativity-and-technique-come-together-in-fritz-kreislers-praeludium-and-allegro/
31b0b9dece67,wieniawski_legende,"pianississimo arpeggios, culminating in the highest G the violin can play","Wieniawski ends his love letter with pianississimo arpeggios, culminating in the highest G the violin can play.",https://catthecynic.wixsite.com/catsmusicalmusings/post/wieniawski-s-legende-ary-love
489def70c709,bach_preludio_e_major_bwv1006,piece begins off-beat in a high register,"Preludio Opening: The piece begins off-beat in a high register. Hagen suggests finding the high A♯ on the A string, shifting to B, then using this as a guide for the E on the E string.",https://www.tonebase.co/violin-blog-posts/bach-violin-partita-3
0557d9fd10df,wieniawski_legende,Piercing octaves on the note G unravel into a fiendish chromatic scale run,Piercing octaves on the note G unravel into a fiendish chromatic scale run. Not only is this chromatic scale the first true display of virtuosity,https://catthecynic.wixsite.com/catsmusicalmusings/post/wieniawski-s-legende-ary-love
e1b39073d3ff,sarasate_carmen_fantasy,"pizzicato, trill, and glissando ornaments","Seguidilla with pizzicato, trill, and glissando ornaments.",https://en.wikipedia.org/wiki/Carmen_Fantasy_(Sarasate)
b6fb1b623f06,lalo_symphonie_espagnole_mvt5,pizzicatos,"all filled with virtuoso ""tricks""—pizzicatos, quick alternation between high and low registers, and glissandos, among others.",https://www.runyanprogramnotes.com/program_note/symphonie-espagnole-op-21/
382625a36e2c,bruch_g_minor_mvt3,played on its lowest string for richness and depth of tone,Bruch marks the violin solo part to be played on its lowest string for richness and depth of tone.,https://feargushetherington.com/repertoire/direct-from-the-violin/bruch-violin-concerto-no1-op26/programme-note/
376b6e24a89a,ernst_erlkonig,playing of legato double-stop passages,"Yet at the same time it is very technically difficult, requiring the playing of legato double-stop passages.",https://www.flyinginkpot.com/1998/05/inkpot53-classical-music-reviews-ernst-music-for-violin-turbanbria-claves/
5ebe18eac792,bach_fugue_c_major_bwv1005,polyphony full of (arpeggiated) 3- and 4-stop chords,"this is the longest and most complex of the fugues in the Sei Solo—it is technically extremely demanding, with polyphony full of (arpeggiated) 3- and 4-stop chords.",https://www.rolf-musicblog.net/bach-sonata-no-3-in-c-major-for-violin-solo-bwv-1005/
3c1ed28e4092,bach_adagio_g_minor_bwv1001,"polyphony via double stops or rolled chords, implied melodic lines by artful figuration","creating a many-voiced texture... often by the use of double stops or rolled chords, but even more often by implying several melodic lines by artful figuration","https://www.parlancechamberconcerts.org/individual-program-notes/johann-sebastian-bach-(1685-1750)/adagio-and-presto-from-sonata-no.-1-in-g-minor-for-unaccompanied-violin,-bwv-1001"
86d938da0c1e,sibelius_d_minor_mvt1,polyphony...Practise the notes as triple-stops to hear the harmonies,The cadenza 16 bars before figure 2 is a good example of polyphony at work...Practise the notes as triple-stops to hear the harmonies and understand the point of the semiquavers.,https://www.thestrad.com/artists/masterclass-leonidas-kavakos-on-the-sibelius-violin-concerto/7349.article
bb141b44a501,haydn_c_major_hobviia1_mvt1,portato,"intonation, string crossings, shifting, legato, staccato, portato, fast runs, ornaments, trills, double stops, chords, vibrato, articulation, dynamics","https://www.violinwiki.org/wiki/Violin_Concerto_No._1_in_C_major,_Hob._VIIa:1,_1st_Movement_(Haydn,_Franz_Joseph)"
6a98c30154b1,mendelssohn_e_minor_mvt1,portato,"intonation, string crossings, shifting, legato, staccato, portato, ricochet, fast runs, sustained tone","https://www.violinwiki.org/wiki/Violin_Concerto_No._2_in_E_minor,_Op._64,_MWV_O_14,_1st_Movement_(Mendelssohn-Bartholdy,_Felix)"
72e08a525542,mendelssohn_e_minor_mvt3,portato,"intonation, string crossings, legato, staccato, portato, ricochet, fast runs, sustained tone","https://www.violinwiki.org/wiki/Violin_Concerto_No._2_in_E_minor,_Op._64,_MWV_O_14,_3rd_Movement_(Mendelssohn-Bartholdy,_Felix)"
167bbc939075,_general,practice shifting down the instrument as much as up,Practice Shifting down the instrument as much as up. So much time is spent on shifting up.,https://heatherkayeviolin.com/how-to-improve-your-violin-shifting/
c3fad9f74c50,_general,practice shifts fast even in slow pieces to avoid slides,just because the piece may be slow you still need to get to the new position just as cleanly without slides in most cases so the shift needs to be practiced fast,https://heatherkayeviolin.com/how-to-improve-your-violin-shifting/
d6369280647e,tchaikovsky_d_major_mvt1,"precise with the various rhythms: sixteenth notes, triplets","Again, be precise with the various rhythms: sixteenth notes, triplets, etc.",https://www.tonebase.co/violin-blog-posts/tchaikovsky-violin-concerto
345b109e2507,_general,press index finger down to create initial sound and release once bow starts to travel,"""catch and release""—instilled in him by his mentor Ivan Galamian—in which he presses the index finger down to create an initial sound and releases the pressure once the bow starts to travel",https://stringsmagazine.com/rethinking-your-approach-to-intonation-on-violin/
55e5dc9b513f,ysaye_sonata4_mvt1,Presto finale employs 5/4 meter,the Presto finale employs 5/4 meter.,https://www.maramarietta.com/the-arts/music/classical/ysaye/
ea37a26afb48,bach_fugue_c_major_bwv1005,quadruple-stop chordal texture,the amount of sound issuing from the instrument expands dramatically from single notes to quadruple-stop chordal texture,https://vanrecital.com/2014/04/program-notes-christian-tetzlaff
ffb0826f69f9,lalo_symphonie_espagnole_mvt5,quick alternation between high and low registers,"all filled with virtuoso ""tricks""—pizzicatos, quick alternation between high and low registers, and glissandos, among others.",https://www.runyanprogramnotes.com/program_note/symphonie-espagnole-op-21/
971f688e8ce3,paganini_caprice_24,quick string crossings,"left hand pizzicato, high positions, and quick string crossings.",https://en.wikipedia.org/wiki/Caprice_No._24_(Paganini)
bf2421a36d98,ysaye_sonata3_ballade,rapid alternations of sixths and tenths in passage-work,"Features ""rapid alternations of sixths and tenths in passage-work in the single-movement 'Ballade'"".",https://www.maramarietta.com/the-arts/music/classical/ysaye/
c3b4fca01fc1,ysaye_sonata4_mvt1,rapid alternations of sixths and tenths in passage-work,"The finale is a perpetuum mobile with a gigue-like character, featuring ""rapid alternations of sixths and tenths in passage-work.""",https://www.maramarietta.com/the-arts/music/classical/ysaye/
ca4b4bdd8861,paganini_caprice_5,rapid arpeggios and scales,"In three main sections, Paganini creates a sense of relentless motion dominated by rapid arpeggios and scales.",https://interlude.hk/niccolo-paganinis-devilish-genius-10-tracks-that-conjure-his-violin-sorcery/
fb02cc428e1d,paganini_caprice_24,rapid shifting,"left hand pizzicato, parallel octaves and tenths, rapid shifting, and string crossings.",https://en.wikipedia.org/wiki/24_Caprices_for_Solo_Violin_(Paganini)
43f50579c5b2,bach_preludio_e_major_bwv1006,rapid string-crossing between open and stopped strings,"""Bariolage"" is a French term for rapid string-crossing between open and stopped strings, used across musical genres from Bach to bluegrass.",https://stringsmagazine.com/all-motions-great-small-how-to-practice-string-crossing-technique-for-bariolage/
2aa05fba085a,sarasate_carmen_fantasy,"rapid thirds, fast arpeggios, and virtuoso acceleration","Act 2 entertainment scene featuring rapid thirds, fast arpeggios, and virtuoso acceleration—the technically most demanding movement.",https://en.wikipedia.org/wiki/Carmen_Fantasy_(Sarasate)
5f949d7504e8,ysaye_sonata3_ballade,Rapid triplets and many passages of double-stops,Rapid triplets and many passages of double-stops reoccur.,https://www.laphil.com/musicdb/pieces/4590/violin-sonata-in-d-minor-op-27-no-3-ballade
daaa595e3009,tchaikovsky_d_major_mvt3,rapid variations,Jascha Heifetz shows off his dexterity exceptionally well right out of the gate in the rapid variations of the first movement,https://bleedingcool.com/pop-culture/tchaikovsky-violin-concerto-analysis-in-interpretation/
2f7f146f19f5,paganini_caprice_13,"rapid, high-pitched trills","The piece starts with a series of rapid, high-pitched trills, short, vibrating notes that sound like a chuckle or a shiver.",https://interlude.hk/niccolo-paganinis-devilish-genius-10-tracks-that-conjure-his-violin-sorcery/
e4aa29a34e0a,wieniawski_scherzo_tarantelle,rapid-fire notes and skittering rhythms,"from the very beginning, the violin launches into a breakneck sprint, spitting out rapid-fire notes and skittering rhythms.",https://interlude.hk/henryk-wieniawskis-dazzling-decade-10-most-electrifying-showstoppers/
4618aeee392d,vieuxtemps_5_mvt1,reflective rising arpeggios,"the violin entering with ""reflective rising arpeggios"" before developing virtuosic passages.",https://www.hyperion-records.co.uk/dw.asp?dc=W12926_67798
8be724b72cde,_general,relax knuckle closest to fingernail with give in it for vibrato,"The knuckle closest to the fingernail must be relaxed and have some ""give"" in it for vibrato.",https://meadowlarkviolin.com/violinblog/when-should-i-learn-vibrato
d574ac23fffc,_general,relaxed bow hold that never stiffened even when playing staccato or marcato,"his supremely relaxed bow hold, which never appeared to stiffen even when playing staccato or marcato",https://www.thestrad.com/artists/remembering-the-great-violinist-david-oistrakh/4547.article
aebc59e93093,bruch_g_minor_mvt1,Release shifts by starting with weight on the departure finger and releasing during the shift,"Release shifts by starting with weight on the departure finger and releasing during the shift. This flowing motion... produces faster, more accurate position changes",https://stringsmagazine.com/mastering-the-irregular-rhythmic-passages-in-the-first-movement-of-the-bruch-violin-concerto-no-1-in-g-minor/
155879f8dbb5,ysaye_sonata4_mvt1,relentless semiquavers,the movement also echoes the 'Pugnani' in its relentless semiquavers.,https://www.hyperion-records.co.uk/dw.asp?dc=W7757_66940
4e3865065f15,paganini_moto_perpetuo,relentless speed and endurance,This piece is all about relentless speed and endurance.,https://interlude.hk/niccolo-paganinis-devilish-genius-10-tracks-that-conjure-his-violin-sorcery/
cddff6bc5316,ades_concentric_paths,restless arpeggios that echo Berg and Ligeti's violin concertos,"The opening movement presents ""sheets of unstable harmony in different orbits,"" featuring restless arpeggios that echo Berg and Ligeti's violin concertos.",https://www.laphil.com/musicdb/pieces/6291/violin-concerto-concentric-paths
008006bdd5a4,ysaye_sonata6,rich texture and chromaticism and scale passages,"It is written in the style of a Spanish habanera, with a turbulent middle section, and notable for rich texture and chromaticism and scale passages.",https://en.wikipedia.org/wiki/Six_Sonatas_for_solo_violin_(Ysa%C3%BFe)
5520ea485252,bach_chaconne,richly chordal passages in the Sarabanda,"The Sarabanda, by contrast, with its richly chordal passages gives the impression, to some extent illusory, of greater complexity.",https://www.hyperion-records.co.uk/tw.asp?w=W6736
6ce28fdee98a,mendelssohn_e_minor_mvt1,ricochet,"intonation, string crossings, shifting, legato, staccato, portato, ricochet, fast runs, sustained tone","https://www.violinwiki.org/wiki/Violin_Concerto_No._2_in_E_minor,_Op._64,_MWV_O_14,_1st_Movement_(Mendelssohn-Bartholdy,_Felix)"
b2541979c779,mendelssohn_e_minor_mvt3,ricochet,"intonation, string crossings, legato, staccato, portato, ricochet, fast runs, sustained tone","https://www.violinwiki.org/wiki/Violin_Concerto_No._2_in_E_minor,_Op._64,_MWV_O_14,_3rd_Movement_(Mendelssohn-Bartholdy,_Felix)"
0e88a593cea3,paganini_caprice_1,ricochet bowing as the arpeggios demand lightning-fast finger work across all strings,Just listen to the ricochet bowing as the arpeggios demand lightning-fast finger work across all strings.,https://interlude.hk/niccolo-paganinis-devilish-genius-10-tracks-that-conjure-his-violin-sorcery/
6353e446d706,paganini_caprice_5,ricochet bowing... combined with other types of bowing,"Over the years, for instance, I've played around with the ricochet bowing, finding different ways to combine it with other types of bowing.",https://www.classical-music.com/features/works/best-paganini-caprices
8ae789e8c007,mendelssohn_e_minor_mvt3,right hand pizzicato,"trills, harmonics, right hand pizzicato, chords, vibrato, articulation, dynamics","https://www.violinwiki.org/wiki/Violin_Concerto_No._2_in_E_minor,_Op._64,_MWV_O_14,_3rd_Movement_(Mendelssohn-Bartholdy,_Felix)"
3cbd9bdee06e,paganini_caprice_13,right-hand high-speed string changing and detache bowing,right-hand high-speed string changing and detache bowing.,https://en.wikipedia.org/wiki/24_Caprices_for_Solo_Violin_(Paganini)
be45a615b74b,beethoven_d_major_mvt1,rising octave leaps,"The opening violin passage features ""rising octave leaps"" where ""each note in the scale must first descend an octave down,""",https://www.linglinghuang.com/music-writing/2017/07/02/beethoven-violin-concerto
5c79976f9e41,_general,sautillé — faster tempo played higher on the bow,"Take it up a notch with sautillé, a faster tempo played higher on the bow.",https://www.lvlmusicacademy.com/bowing-techniques-violinists/
4d2b499c35c8,paganini_caprice_13,scale-like double-stopped passages,Caprice No. 13 starts out with scale-like double-stopped passages at a moderate speed.,https://en.wikipedia.org/wiki/24_Caprices_for_Solo_Violin_(Paganini)
8abc31719f17,mendelssohn_e_minor_mvt1,"scales in thirds, sixths, and octaves","the serious player can't avoid scales in thirds, sixths, and octaves—as detailed in Carl Flesch's scale system",https://stringsmagazine.com/tips-on-nailing-tricky-double-stops-in-mendelssohns-violin-concerto/
18f62e51abaa,tchaikovsky_d_major_mvt1,"scales, double stops, and rapid leaps","a finale featuring a rondo format with demanding virtuosic passages including scales, double stops, and rapid leaps.",https://www.indianapolissymphony.org/backstage/program-notes/tchaikovsky-concerto-in-d-major/
5e9d34ff92dd,tchaikovsky_d_major_mvt3,"scales, double stops, and rapid leaps","a finale featuring a rondo format with demanding virtuosic passages including scales, double stops, and rapid leaps.",https://www.indianapolissymphony.org/backstage/program-notes/tchaikovsky-concerto-in-d-major/
88a237058abf,_general,seamless bow changes,An occasional wrap on the wrist with a yardstick kept my wrist down and flexible so that my fingers could affect seamless bow changes.,https://www.thestrad.com/playing-hub/aaron-rosand-on-how-to-produce-a-beautiful-tone/264.article
da004b23cf69,massenet_meditation_thais,seamless legato playing across a wide range of dynamics,It asks for expressive vibrato across strings and registers and demands seamless legato playing across a wide range of dynamics.,https://www.ciximusic.com/can-beginner-violinists-learn-meditation-thais
46d28ffc1b60,grieg_sonata3_c_minor_mvt1,seamlessly jumps between top and bottom octaves,Grieg's use of a large range of the violin creates drama and tension when the instrument seamlessly jumps between top and bottom octaves.,https://classicalexburns.com/2020/11/29/edvard-grieg-violin-sonata-no-3-vivacious-violin/
4ab3b4418716,_general,sense of pulse and rhythm — no wrong notes in rests,Crucial skills include a sense of pulse and rhythm (no one likes to let out a stonking wrong note in a rest),https://www.thestrad.com/student-hub/fake-it-til-you-make-it-the-art-of-orchestral-faking/14494.article
af227e48b663,bach_preludio_e_major_bwv1006,separate bows to ensure open string resonance,Separate bows to ensure open string resonance,https://violinspiration.com/bariolage/
c6acf33aeec0,bruch_g_minor_mvt1,septuplet on beat two divides naturally as 3 and 4,"In measure 18, the septuplet on beat two divides naturally as 3 and 4 rather than 4 and 3.",https://stringsmagazine.com/mastering-the-irregular-rhythmic-passages-in-the-first-movement-of-the-bruch-violin-concerto-no-1-in-g-minor/
af5ed8c3f34e,wieniawski_legende,sequence of double stops climaxes first in beautifully phrased open string chords,"a seemingly endless (at least in my experience) sequence of double stops climaxes first in beautifully phrased open string chords, and then ultimately climaxes in tonic octaves and a fast-paced chromatic scale downward",https://musichistoryfsu.wordpress.com/2015/03/07/henryk-wieniawski-1835-1880-and-legende/
03c68aa8f179,sibelius_d_minor_mvt3,series of expressive intervals in octaves...jumping from one register to another,"the violin plays a series of expressive intervals in octaves. This is clearly the climax point of the movement, and although these are difficult intervals to play, jumping from one register to another",https://www.thestrad.com/artists/masterclass-leonidas-kavakos-on-the-sibelius-violin-concerto/7349.article
f64d747897c7,ysaye_sonata1_mvt1,sextuple-stopping,"""tremolo sul ponticello"" passages and a ""Fugato"" featuring ""sextuple-stopping.""",https://www.hyperion-records.co.uk/dc.asp?dc=D_CDA67993
84ea7cd18354,ysaye_sonata1_mvt1,sextuple-stopping,"The Fugato features ""an innocent, Bachian subject"" hidden within rhythmic structures and proclaimed in sextuple-stopping.",https://www.hyperion-records.co.uk/dw.asp?dc=W7754_66940
02f4c7699a70,vivaldi_rv356_mvt1,sforzando (sfz) marking,the big one to note here is the sforzando (sfz) marking on the D natural. This means we want to really attack this note.,https://kennedyviolins.com/blogs/education-center/suzuki-book-4-vivaldi-concerto-in-a-minor-1st-movement-violin-play-along-lesson
513e443e379f,_general,"shift like a train journey — gather, disembark, without haste","the motion ""like a train journey from A to B: before arriving at B, one gathers together one's things, gets up and disembarks, but without haste""",https://www.thestrad.com/student-hub/11-views-on-teaching-by-juilliard-school-violin-professor-dorothy-delay/28.article
63d46b2885d9,_general,"shift with arm, hand and fingers working as a team",Have the Arm hand and fingers work as a team. Don't just shift up with the finger and leave everone else behind.,https://heatherkayeviolin.com/how-to-improve-your-violin-shifting/
df5861df6c25,haydn_c_major_hobviia1_mvt1,shifting,"intonation, string crossings, shifting, legato, staccato, portato, fast runs, ornaments, trills, double stops, chords, vibrato, articulation, dynamics","https://www.violinwiki.org/wiki/Violin_Concerto_No._1_in_C_major,_Hob._VIIa:1,_1st_Movement_(Haydn,_Franz_Joseph)"
1324fd5bcda5,mendelssohn_e_minor_mvt1,shifting,"intonation, string crossings, shifting, legato, staccato, portato, ricochet, fast runs, sustained tone","https://www.violinwiki.org/wiki/Violin_Concerto_No._2_in_E_minor,_Op._64,_MWV_O_14,_1st_Movement_(Mendelssohn-Bartholdy,_Felix)"
e47690eb5b36,mendelssohn_e_minor_mvt1,shifting up to fourth position while also changing strings,"in this situation, the first finger is at a disadvantage—shifting up to fourth position while also changing strings.",https://stringsmagazine.com/tips-on-nailing-tricky-double-stops-in-mendelssohns-violin-concerto/
9b6950e0a143,vivaldi_rv356_mvt1,"shifting, make sure your thumb moves with your hand","Remember, when you're shifting, make sure your thumb moves with your hand. Keeping the thumb in sync with the hand will make your shifts much smoother and more accurate.",https://kennedyviolins.com/blogs/education-center/suzuki-book-4-vivaldi-concerto-in-a-minor-1st-movement-violin-play-along-lesson
2cea7ded27b0,massenet_meditation_thais,shifts often without the help of guide fingers,"Each shift needs to be timed and tuned carefully, often without the help of guide fingers.",https://www.ciximusic.com/can-beginner-violinists-learn-meditation-thais
a3cafce2e230,massenet_meditation_thais,"shifts reach high into third, fifth, and even seventh position","Massenet's lines reach high into third, fifth, and even seventh position.",https://www.ciximusic.com/can-beginner-violinists-learn-meditation-thais
bfdc9bf888d9,bach_adagio_g_minor_bwv1001,simple octave double stop on the two inner strings,"measure 9 features ""a simple octave double stop on the two inner strings""",https://www.sonatasandpartitas.com/articles/?selected=article_detail&id=2&rtn=article&work_id=27
2d874fe45dbc,ysaye_sonata1_mvt1,six-note chords,"The Fugato second movement features two-voice fugal-type entries with contrasting episodes, showcasing six-note chords at its conclusion—an extreme violin technique demand.",https://vanrecital.com/2014/04/program-notes-christian-tetzlaff/
2ba95a1bb619,ravel_tzigane,sixteenth notes... vivo... sempre accelerando... presto,"the violinist enters with straight-up sixteenth notes that take us almost to the very end of the piece. It starts at _vivo_, then _accelerando poco a poco,_ then a few lines down at _sempre accelerando_, finally reaching full on _presto_",https://fugueforthought.de/2016/08/04/ravel-tzigane/
95f2962e463e,bach_fugue_g_minor_bwv1001,"sixteenth-note passagework, chordal figurations","The Sonata concludes with a lively Presto whose sixteenth-note passagework, chordal figurations and technical virtuosity lend brilliance to its character.",https://www.hyperion-records.co.uk/tw.asp?w=W6733
97b89f0cbed0,bach_presto_g_minor_bwv1001,"sixteenth-note passagework, chordal figurations","The Sonata concludes with a lively Presto whose sixteenth-note passagework, chordal figurations and technical virtuosity lend brilliance to its character.",https://www.hyperion-records.co.uk/tw.asp?w=W6733
cb014fdf8d51,_general,slide one finger up and down the fingerboard bringing thumb with you,Put one finger down on the string and slide it up and down the violin (bringing your thumb with you). Do this with all fingers on all strings.,https://meadowlarkviolin.com/violinblog/when-should-i-learn-vibrato
1b9eae2ebdcc,ravel_tzigane,"slides, trills, octave passages, and harmonics","beginning, in the instrument's sultry lowest range and progressing through slides, trills, octave passages, and harmonics","https://www.parlancechamberconcerts.org/individual-program-notes/maurice-ravel-(1875-1937)/tzigane,-rapsodie-de-concert"
ceaaf3aa7699,paganini_caprice_4,slow passages with multiple voices,Caprice No. 4 is an exercise featuring passages that alter between slow passages with multiple voices and fast passages with many challenging double stops.,https://en.wikipedia.org/wiki/24_Caprices_for_Solo_Violin_(Paganini)
6a38ba062fa3,beethoven_d_major_mvt1,slurred bowings and arpeggiations,"Kreutzer's Études Nos. 24 and 25, which feature ""slurred bowings and arpeggiations they share with the Beethoven.""",https://stringsmagazine.com/a-new-way-to-practice-the-octaves-in-beethovens-violin-concerto/
26e00c473569,bruch_g_minor_mvt1,Slurred string crossings benefit from flowing arm movement following the bridge's curve,Slurred string crossings benefit from flowing arm movement following the bridge's curve rather than angular crossing,https://stringsmagazine.com/mastering-the-irregular-rhythmic-passages-in-the-first-movement-of-the-bruch-violin-concerto-no-1-in-g-minor/
0817e3be44ad,bach_preludio_e_major_bwv1006,small-muscle wrist motion for rapid two-string toggling,Small-muscle wrist motion becomes necessary for rapid two-string toggling.,https://stringsmagazine.com/all-motions-great-small-how-to-practice-string-crossing-technique-for-bariolage/
b8f1a271fafc,mozart_k216_mvt1,"smooth, on-the-string playing","Where there is no indication of staccato or portato Sir Roger always opts for smooth, on-the-string playing",https://www.thestrad.com/playing-hub/keep-it-simple-stupid-recording-mozart-violin-concertos-the-historically-informed-way/13547.article
fbab5a11e2d8,mozart_k218_mvt1,"smooth, on-the-string playing","Where there is no indication of staccato or portato Sir Roger always opts for smooth, on-the-string playing",https://www.thestrad.com/playing-hub/keep-it-simple-stupid-recording-mozart-violin-concertos-the-historically-informed-way/13547.article
61cf454447e3,bruch_g_minor_mvt2,soaring climax in the highest reaches of the violin's E string,"The passionate, expansive second theme builds to a soaring climax in the highest reaches of the violin's E string.",https://thelistenersclub.com/2024/08/28/max-bruchs-violin-concerto-no-1-in-g-minor-rich-and-seductive/
c0a08dbc18b6,berg_violin_concerto,"solo line should be played 'freely, like a cadenza'","The second movement opens with a turbulent dialogue between the violin and orchestra in which the solo line should be played ""freely, like a cadenza.""",https://thelistenersclub.com/2019/11/11/alban-bergs-violin-concerto-an-autumnal-requiem/
71360cc3a1e7,shostakovich_concerto1_mvt3_passacaglia,solo violin takes up the bass line itself,"An increasingly tense series of variations follows, until the solo violin takes up the bass line itself before returning to its original melody.",https://houstonsymphony.org/shostakovich-violin-concerto-1/
d04182a0f6c1,ravel_tzigane,solo violin unaccompanied for nearly three minutes,"The opening features the solo violin unaccompanied for nearly three minutes, showcasing extraordinary technical demands before the orchestra enters.",https://lansdowneso.org/ravel-tzigane/
ec683e4d5ebb,saint_saens_intro_rondo_capriccioso,soloist plays in 2/4 time against the orchestra's 6/8,"A contrasting lyrical section appears ""con morbidezza"" (""with tenderness""), where the soloist plays in 2/4 time against the orchestra's 6/8.",https://redwoodsymphony.org/piece/introduction-and-rondo-capriccioso/
4ec3e4e70893,wieniawski_polonaise_1_d_major,"sparkling runs, daring leaps, and shimmering harmonics","there are plenty of sparkling runs, daring leaps, and shimmering harmonics to make any violinist sweat.",https://interlude.hk/henryk-wieniawskis-dazzling-decade-10-most-electrifying-showstoppers/
99c46c2da46f,kreisler_praeludium_allegro,"speed, coordination and dexterity of fingers","The second part of the piece – the Allegro – explores speed, coordination and dexterity of fingers",https://www.cmuse.org/kreisler-praeludium-and-allegro-difficulty/
960f502393be,kreisler_praeludium_allegro,spiccato,"there is a huge variety in bowstrokes (detaché, spiccato, bariolage, three-note chords), as well as difficulties for the left hand.",https://stringsmagazine.com/creativity-and-technique-come-together-in-fritz-kreislers-praeludium-and-allegro/
d02331f30c6c,mendelssohn_e_minor_mvt1,spiccato (off-the-string bow stroke),"bariolage (repeated string crossings), spiccato (off-the-string bow stroke), and chords across all four strings.",https://stringsmagazine.com/the-spiccato-bariolage-passage-of-mendelssohns-violin-concerto-is-one-challenge-among-many/
6069c87d9dee,ernst_last_rose_variations,spiccato bowing,"Notice the combination of dazzling violinistic effects employed, from double stops and left hand pizzicato to harmonics, up bow staccato and spiccato bowing.",https://thelistenersclub.com/2013/09/02/the-last-rose-of-summer/
957b33f8790b,_general,"spiccato — harness natural bounce of the bow with short strokes, wrist and fingers","Spiccato is all about harnessing the natural bounce of the bow. The strokes are short, and your wrist and fingers make smooth movements. Avoid using your entire arm for spiccato",https://www.lvlmusicacademy.com/bowing-techniques-violinists/
9a7629d6ab5d,ysaye_sonata3_ballade,"spirited dotted rhythms, double and triple stops, and nervous leaps in register","The subsequent Allegro in 3/8 time features ""spirited dotted rhythms, double and triple stops, and nervous leaps in register,"" building tension toward a virtuosic coda.",https://thelistenersclub.com/2023/12/01/eugene-ysayes-sonata-no-3-in-d-minor-ballade-shunsuke-sato/
1122741185e2,beriot_scene_de_ballet,spreading chords slightly and always emphasising the highest note,advocates spreading chords slightly and always emphasising the highest note.,https://www.thestrad.com/bringing-singing-to-violin-technique-charles-auguste-de-beriot/1155.article
300f9d0cabd1,brahms_d_major_mvt3,sprightly double-stopped melody,"The finale, **Allegro giocoso**, features a sprightly double-stopped melody with a gypsy-based rhythm.",https://redwoodsymphony.org/piece/violin-concerto-brahms/
9fe87a314a13,haydn_c_major_hobviia1_mvt1,sprightly use of the violin's high register,"Haydn's violin concerti are immediately recognizable for their sprightly use of the violin's high register, chains of dotted rhythms, virtuosic double stops, and ornamental figuration.",https://www.riphil.org/the-story-behind-haydn-s-violin-concerto-in-c-major
5b31edb75341,haydn_c_major_hobviia1_mvt1,staccato,"intonation, string crossings, shifting, legato, staccato, portato, fast runs, ornaments, trills, double stops, chords, vibrato, articulation, dynamics","https://www.violinwiki.org/wiki/Violin_Concerto_No._1_in_C_major,_Hob._VIIa:1,_1st_Movement_(Haydn,_Franz_Joseph)"
b631c99950c5,mendelssohn_e_minor_mvt1,staccato,"intonation, string crossings, shifting, legato, staccato, portato, ricochet, fast runs, sustained tone","https://www.violinwiki.org/wiki/Violin_Concerto_No._2_in_E_minor,_Op._64,_MWV_O_14,_1st_Movement_(Mendelssohn-Bartholdy,_Felix)"
5852fb845de7,mendelssohn_e_minor_mvt3,staccato,"intonation, string crossings, legato, staccato, portato, ricochet, fast runs, sustained tone","https://www.violinwiki.org/wiki/Violin_Concerto_No._2_in_E_minor,_Op._64,_MWV_O_14,_3rd_Movement_(Mendelssohn-Bartholdy,_Felix)"
a1bd6622954c,vivaldi_rv356_mvt1,staccato notes (marked by dots),"By measure 9, you'll see some staccato notes (marked by dots), which means you need to separate them slightly by stopping the bow between each note.",https://kennedyviolins.com/blogs/education-center/suzuki-book-4-vivaldi-concerto-in-a-minor-1st-movement-violin-play-along-lesson
f23efcbc9ae7,saint_saens_havanaise,"stamina, speed and dexterity","the virtuosity of the soloist is put to the test through stamina, speed and dexterity",https://classicalexburns.com/2022/02/21/camille-saint-saens-havanaise-habanera-happiness/
8523946b29bf,beriot_scene_de_ballet,standard slide fingering for chromatic scales and the one-finger-per-note alternative,Both the standard slide fingering for chromatic scales and the one-finger-per-note alternative are included,https://www.thestrad.com/bringing-singing-to-violin-technique-charles-auguste-de-beriot/1155.article
7d90e8ac9816,mendelssohn_e_minor_mvt1,stay balanced on two strings,Double-stops present two primary bowing challenges—the need to stay balanced on two strings and to be more accurate in string crossings.,https://stringsmagazine.com/tips-on-nailing-tricky-double-stops-in-mendelssohns-violin-concerto/
05c119d94ad5,vivaldi_rv356_mvt1,Staying in Third Position,"Measures 28–34: Staying in Third Position

Now we're staying in third position, and in measure 29, you'll notice the bracket over the third finger, signaling you to keep it down.",https://kennedyviolins.com/blogs/education-center/suzuki-book-4-vivaldi-concerto-in-a-minor-1st-movement-violin-play-along-lesson
4457ea85d103,massenet_meditation_thais,"steady, singing tone on the A string, supported by long bows at a quiet dynamic","The opening line requires a steady, singing tone on the A string, supported by long bows at a quiet dynamic.",https://www.ciximusic.com/can-beginner-violinists-learn-meditation-thais
e71fd9098c06,stravinsky_concerto_d_mvt1,stretch of the eleventh,"I found that in that register, the stretch of the eleventh was relatively easy to play",https://houstonsymphony.org/stravinsky-violin-concerto/
ce5a14599e52,haydn_c_major_hobviia1_mvt1,string crossings,"intonation, string crossings, shifting, legato, staccato, portato, fast runs, ornaments, trills, double stops, chords, vibrato, articulation, dynamics","https://www.violinwiki.org/wiki/Violin_Concerto_No._1_in_C_major,_Hob._VIIa:1,_1st_Movement_(Haydn,_Franz_Joseph)"
2488f9e60e99,mendelssohn_e_minor_mvt1,string crossings,"intonation, string crossings, shifting, legato, staccato, portato, ricochet, fast runs, sustained tone, ornaments, trills, harmonics, double stops, broken octaves, vibrato","https://www.violinwiki.org/wiki/Violin_Concerto_No._2_in_E_minor,_Op._64,_MWV_O_14,_1st_Movement_(Mendelssohn-Bartholdy,_Felix)"
f3aac7a417fe,mendelssohn_e_minor_mvt3,string crossings,"intonation, string crossings, legato, staccato, portato, ricochet, fast runs, sustained tone, ornaments, trills, harmonics, right hand pizzicato, chords","https://www.violinwiki.org/wiki/Violin_Concerto_No._2_in_E_minor,_Op._64,_MWV_O_14,_3rd_Movement_(Mendelssohn-Bartholdy,_Felix)"
c6cf82926c3a,paganini_caprice_24,string crossings,"parallel octaves and tenths, rapid shifting, and string crossings.",https://en.wikipedia.org/wiki/24_Caprices_for_Solo_Violin_(Paganini)
59c30abd09f8,bach_preludio_e_major_bwv1006,string crossings between adjacent strings with a third string added at measure 17,Bach uses string crossings between adjacent strings and adds a third string at measure 17.,https://violinspiration.com/bariolage/
39371ba64976,bach_fugue_c_major_bwv1005,substantial contrapuntal challenges and intimidating technical requirements,The movement presents substantial contrapuntal challenges and intimidating technical requirements for performers.,https://www.hyperion-records.co.uk/tw.asp?w=W6737
7cd1c094b053,_general,"subtleties of angle, pressure and placement between fingerboard and bridge","In Mozart and Beethoven he was eminently straightforward, inflecting his bowing with myriad subtleties of angle, pressure and placement between fingerboard and bridge.",https://www.thestrad.com/artists/remembering-the-great-violinist-david-oistrakh/4547.article
4b46272839b2,_general,sul ponticello — near the bridge,"Sul punticello, near the bridge, conjures a classy and refined sound",https://www.lvlmusicacademy.com/bowing-techniques-violinists/
39b556762365,ysaye_sonata1_mvt1,"sul ponticello, near the bridge","A passage played ""sul ponticello, near the bridge"" creates shadowy effects.",https://www.maramarietta.com/the-arts/music/classical/ysaye/
80f0dd57a2f0,_general,sul tasto — near or above the fingerboard,"sul tasto, near or above the fingerboard, delivers a soft and ethereal tone",https://www.lvlmusicacademy.com/bowing-techniques-violinists/
fb816919a863,ravel_tzigane,sultry lowest range,"beginning, in the instrument's sultry lowest range and progressing through slides, trills, octave passages, and harmonics","https://www.parlancechamberconcerts.org/individual-program-notes/maurice-ravel-(1875-1937)/tzigane,-rapsodie-de-concert"
38f7865ab6da,ravel_tzigane,super fast pizzicato,"After the harmonics comes more exciting technique, super fast pizzicato.",https://fugueforthought.de/2016/08/04/ravel-tzigane/
261534eaace8,paganini_caprice_5,"superhuman speed, stamina, and precision","A successful performance demands superhuman speed, stamina, and precision.",https://interlude.hk/niccolo-paganinis-devilish-genius-10-tracks-that-conjure-his-violin-sorcery/
7c5907837733,saint_saens_intro_rondo_capriccioso,superimposition of two-four time in the soloist's part and six-eight in the orchestral accompaniment,Especially interesting and ingratiating is the superimposition of two-four time in the soloist's part and six-eight in the orchestral accompaniment.,https://www.runyanprogramnotes.com/program_note/introduction-and-rondo-capriccioso-op-28/
710558a0a3eb,_general,"sustain vibrance from note to note, finger to finger and position to position","he could sustain his vibrance from note to note, finger to finger and position to position and there was never a ""wasted"", dead note in his tonal lexicon",https://www.thestrad.com/playing-hub/7-ways-to-improve-your-tone/170.article
653f9b092187,mendelssohn_e_minor_mvt1,sustained tone,"intonation, string crossings, shifting, legato, staccato, portato, ricochet, fast runs, sustained tone, ornaments, trills","https://www.violinwiki.org/wiki/Violin_Concerto_No._2_in_E_minor,_Op._64,_MWV_O_14,_1st_Movement_(Mendelssohn-Bartholdy,_Felix)"
e513b2f06f0f,bach_a_minor_bwv1041_mvt1,sustained tone production,"this movement becomes a foundational study in sustained tone production, bow control across long phrases, expressive phrasing without excess tension",https://heatherkayeviolin.com/bach-violin-concerto-a-minor-andante/
b08cbe182d7d,mendelssohn_e_minor_mvt3,sustained trills,"the flutes and clarinets play the main theme over sustained trills from the soloist, a magical moment.",https://coloradomusicfestival.org/mendelssohns-violin-concerto-a-jewel-that-changed-a-genre/
d7dbfbef7562,sibelius_d_minor_mvt1,switch to fast fingerwork,which makes it even harder for the player later to switch to fast fingerwork.,https://www.thestrad.com/artists/masterclass-leonidas-kavakos-on-the-sibelius-violin-concerto/7349.article
26346565aa45,shostakovich_concerto1_mvt4_burlesque,test of physical and emotional endurance,"David Oistrakh pleaded, noting the extent to which the Concerto is a test of physical and emotional endurance.",https://thelistenersclub.com/2023/03/10/shostakovichs-first-violin-concerto-dangerous-music-for-the-desk-drawer/
312e8511def0,bruch_g_minor_mvt3,thirds in double stops,"The violin introduces the spirited main theme, with thirds in double stops (two strings played simultaneously).",https://thelistenersclub.com/2024/08/28/max-bruchs-violin-concerto-no-1-in-g-minor-rich-and-seductive/
e4b31afff0c7,paganini_caprice_17,thirty-second note runs on the A and E strings,"The ""A"" section contains numerous thirty-second note runs on the A and E strings that converse back and forth with double stops on the lower two strings.",https://en.wikipedia.org/wiki/24_Caprices_for_Solo_Violin_(Paganini)
fe71402fbafd,tchaikovsky_d_major_mvt1,thirty-second note runs with very articulated separate notes,"He also recommends practicing the thirty-second note runs with very articulated separate notes, which makes the melodic runs very clean when the slurs are added back in.",https://www.tonebase.co/violin-blog-posts/tchaikovsky-violin-concerto
945a86e2d0cc,beriot_scene_de_ballet,"three portamento styles: 'light and rapid' (vif), 'gentle' (doux), 'dragged' (traine)","He distinguishes three portamento styles: the ""light and rapid"" (vif) for fast passages and ""among notes drawn with grace or pushed with energy""",https://www.thestrad.com/bringing-singing-to-violin-technique-charles-auguste-de-beriot/1155.article
c48501dd3c8e,bach_fugue_g_minor_bwv1001,three voices sustained in the Siciliana,"The Siciliana, in which three voices are sustained, has something of the character of a trio sonata movement.",https://www.hyperion-records.co.uk/tw.asp?w=W6733
c04d1c0b40c8,kreisler_praeludium_allegro,three-note chords,"there is a huge variety in bowstrokes (detaché, spiccato, bariolage, three-note chords), as well as difficulties for the left hand.",https://stringsmagazine.com/creativity-and-technique-come-together-in-fritz-kreislers-praeludium-and-allegro/
8fcd2c5e714c,bach_preludio_e_major_bwv1006,three-string crossing requiring alternating wrist and arm motions,Bach Preludio from Partita No. 3 in E major: Introduces three-string crossing requiring alternating wrist and arm motions,https://stringsmagazine.com/all-motions-great-small-how-to-practice-string-crossing-technique-for-bariolage/
3e0b3ba9d5c9,mendelssohn_e_minor_mvt1,"timing your string crossings... perfectly even, rhythmically","The big trick is timing your string crossings; that is, making them perfectly even, rhythmically.",https://stringsmagazine.com/the-spiccato-bariolage-passage-of-mendelssohns-violin-concerto-is-one-challenge-among-many/
6669d4649a32,wieniawski_legende,tonic octaves and a fast-paced chromatic scale downward,"ultimately climaxes in tonic octaves and a fast-paced chromatic scale downward, resolving in the initial key area.",https://musichistoryfsu.wordpress.com/2015/03/07/henryk-wieniawski-1835-1880-and-legende/
7723347bd2b2,schoenberg_violin_concerto_mvt1,"treacherous harmonics and double stopping, often combining pizzicato and arco","as elsewhere do treacherous harmonics and double stopping, often combining pizzicato and arco (bowed) playing.",https://boulezian.blogspot.com/2020/03/the-violinist-is-really-playing-fiddle.html
c8300eeb3f06,paganini_caprice_24,tremendously fast scales and arpeggios,"This caprice uses a wide range of highly advanced techniques such as tremendously fast scales and arpeggios, double and triple stops, left hand pizzicato",https://en.wikipedia.org/wiki/24_Caprices_for_Solo_Violin_(Paganini)
c8e8c7442680,mendelssohn_e_minor_mvt3,tremolo accompaniment... simultaneously below the melody,The middle section in A minor is more ominous and passionate and is notable for the tremolo accompaniment the soloist must play simultaneously below the melody.,https://coloradomusicfestival.org/mendelssohns-violin-concerto-a-jewel-that-changed-a-genre/
028a9ad075e4,ysaye_sonata1_mvt1,tremolo double stops sul ponticello,alternating with rhapsodic technical passages ending in tremolo double stops sul ponticello.,https://vanrecital.com/2014/04/program-notes-christian-tetzlaff/
52064e743d7c,_general,tremolo — short bow strokes at the tip,"With short bow strokes at the tip, Tremolo adds a shimmering effect.",https://www.lvlmusicacademy.com/bowing-techniques-violinists/
9bc8b4b4fef0,mendelssohn_e_minor_mvt1,tricky double-stops,Tips on Nailing Tricky Double-Stops in Mendelssohn's Violin Concerto,https://stringsmagazine.com/tips-on-nailing-tricky-double-stops-in-mendelssohns-violin-concerto/
b8a6e9fd8ea5,haydn_c_major_hobviia1_mvt1,trills,"intonation, string crossings, shifting, legato, staccato, portato, fast runs, ornaments, trills, double stops, chords, vibrato, articulation, dynamics","https://www.violinwiki.org/wiki/Violin_Concerto_No._1_in_C_major,_Hob._VIIa:1,_1st_Movement_(Haydn,_Franz_Joseph)"
315c115166df,mendelssohn_e_minor_mvt1,trills,"sustained tone, ornaments, trills, harmonics, double stops, broken octaves, vibrato","https://www.violinwiki.org/wiki/Violin_Concerto_No._2_in_E_minor,_Op._64,_MWV_O_14,_1st_Movement_(Mendelssohn-Bartholdy,_Felix)"
7530daf55011,mendelssohn_e_minor_mvt3,trills,"sustained tone, ornaments, trills, harmonics, right hand pizzicato, chords","https://www.violinwiki.org/wiki/Violin_Concerto_No._2_in_E_minor,_Op._64,_MWV_O_14,_3rd_Movement_(Mendelssohn-Bartholdy,_Felix)"
7a8b5f208066,ravel_tzigane,trills,"double stops at the octave, followed by trills, harmonics, and more exciting fireworks.",https://fugueforthought.de/2016/08/04/ravel-tzigane/
32de30eb536e,kreisler_recitativo_scherzo_caprice,trills as the player covers the entire range of the violin,"the drama is accentuated through colorful harmonies, chromatic elaborations and trills as the player covers the entire range of the violin.",https://scholarworks.uni.edu/agss/2018/all/49/
af88addba10f,paganini_caprice_13,trills... brutally difficult to play at speed,"The trills, which dominate the piece, sound effortless in the hands of a master but are brutally difficult to play at speed.",https://interlude.hk/niccolo-paganinis-devilish-genius-10-tracks-that-conjure-his-violin-sorcery/
c7b808ca5ea5,mozart_k216_mvt1,trills... starting from the upper note,"Trills are also interesting, mostly starting from the upper note and never showy or too 'healthy'",https://www.thestrad.com/playing-hub/keep-it-simple-stupid-recording-mozart-violin-concertos-the-historically-informed-way/13547.article
4ae224dbb7e2,mozart_k218_mvt1,trills... starting from the upper note,"Trills are also interesting, mostly starting from the upper note and never showy or too 'healthy'",https://www.thestrad.com/playing-hub/keep-it-simple-stupid-recording-mozart-violin-concertos-the-historically-informed-way/13547.article
30ea83206bd3,ysaye_sonata1_mvt1,triple- and quadruple-stop chordal texture,"The opening movement employs triple- and quadruple-stop chordal texture reminiscent of Bach's slow movements, alternating with rhapsodic technical passages ending in tremolo double stops sul ponticello.",https://vanrecital.com/2014/04/program-notes-christian-tetzlaff/
f7325128543a,saint_saens_intro_rondo_capriccioso,triple-stopping passages,"The piece concludes with an oboe statement, triple-stopping passages, and ""a brilliant coda""",https://redwoodsymphony.org/piece/introduction-and-rondo-capriccioso/
adbcea0caefb,wieniawski_legende,two broken pizzicatos from the violin solo,This high note withers away until all that is left are two broken pizzicatos from the violin solo.,https://catthecynic.wixsite.com/catsmusicalmusings/post/wieniawski-s-legende-ary-love
229fd9b7ff39,strauss_sonata_eb_mvt1,two instruments playing in different meters at one point,"The opening movement uses flexible meter changes for different thematic material, even featuring ""the two instruments playing in different meters at one point.""",https://www.laphil.com/musicdb/pieces/3483/sonata-in-e-flat-major-op-18
30f86f460803,beethoven_d_major_mvt1,unfailing purity in high positions and exposed entrances,"graceful playing, a relatively small but expressive style, and unfailing purity in high positions and exposed entrances",https://www.indianapolissymphony.org/backstage/program-notes/beethoven-concerto-for-violin-and-orchestra/
77c49b177892,_general,unusually flexible index finger,a technique that was facilitated by an unusually flexible index finger,https://www.thestrad.com/artists/remembering-the-great-violinist-david-oistrakh/4547.article
a66208962674,ernst_last_rose_variations,up bow staccato,"Notice the combination of dazzling violinistic effects employed, from double stops and left hand pizzicato to harmonics, up bow staccato and spiccato bowing.",https://thelistenersclub.com/2013/09/02/the-last-rose-of-summer/
5f8c21fdf213,_general,use sympathetic vibrations (D on A string ringing open D) as tuning fork,sympathetic vibrations—like a D on the A string making the open D ring—are so useful. Those little resonances act as a kind of tuning fork,https://stringsmagazine.com/rethinking-your-approach-to-intonation-on-violin/
2043c3cf9d1a,mendelssohn_e_minor_mvt1,use the large muscles of your arm... up to the shoulder joint,"for those string crossings, use the large muscles of your arm, all the way up to the shoulder joint.",https://stringsmagazine.com/the-spiccato-bariolage-passage-of-mendelssohns-violin-concerto-is-one-challenge-among-many/
26e73042706b,bach_preludio_e_major_bwv1006,using different strings for the same note (open E and stopped E),Using different strings for the same note (open E and stopped E),https://violinspiration.com/bariolage/
ee7fb665c2d6,beethoven_d_major_mvt1,Vibrato originates from the first finger on the lower string,Lower pitches should serve as tuning references for upper notes. Vibrato originates from the first finger on the lower string.,https://stringsmagazine.com/a-new-way-to-practice-the-octaves-in-beethovens-violin-concerto/
823c92c82f21,_general,vibrato relaxes at the end of the phrase,"vibrato should ""support the line or phrase, so that at the end of the phrase, the vibrato relaxes.""",https://www.thestrad.com/student-hub/11-views-on-teaching-by-juilliard-school-violin-professor-dorothy-delay/28.article
ead60765ab24,berg_violin_concerto,vibratoless solo 'Aria',"A folklike, vibratoless solo 'Aria' constantly surprised as other, hocketing instruments joined in deft evasion of the conventional",https://boulezian.blogspot.com/2023/02/kopatchinskajalsoroth-ligeti-and.html
b486f82084ba,ravel_sonata2_mvt2_blues,violin slides,"Syncopations, honky-tonk rhythmic patterns, flatted thirds and sevenths, violin slides, and an allusion to the dialog between the Teapot and the Cup",https://www.laphil.com/musicdb/pieces/4836/violin-sonata-no-2
f9a0c5992ca2,ernst_last_rose_variations,violin sound as if it is playing a duet – and sometimes a quartet! – with itself,listen to hear how Ernst makes the violin sound as if it is playing a duet – and sometimes a quartet! – with itself.,https://interlude.hk/hardest-violin-pieces-ever-writtenthe-10-most-technically-demanding-works-in-the-repertoire/
df292862ac63,sibelius_d_minor_mvt1,violin's intense cascade of octaves,"The movement concludes with ""the violin's intense cascade of octaves"" leading to ""a dramatic conclusion.""",https://houstonsymphony.org/sibelius-violin-concerto/
569574997dbe,kreisler_recitativo_scherzo_caprice,virtuosic display of rapid scales and declamatory chords,before catapulting itself into a virtuosic display of rapid scales and declamatory chords.,https://scholarworks.uni.edu/agss/2018/all/49/
20a3f9933955,haydn_c_major_hobviia1_mvt1,virtuosic double stops,"Haydn's violin concerti are immediately recognizable for their sprightly use of the violin's high register, chains of dotted rhythms, virtuosic double stops, and ornamental figuration.",https://www.riphil.org/the-story-behind-haydn-s-violin-concerto-in-c-major
0f2445976db4,sarasate_zigeunerweisen,virtuosic left-hand passages,"mastering slurred staccato and ricochet passages, and tackling virtuosic left-hand passages.",https://strings.tonebase.co/online-violin-courses/vln-timothy-chooi-sarasate-zigeunerweisen
3762883fffec,_general,"weight of the bow carried by two middle fingers and thumb, not forefinger","they employ the forefinger for holding, incidentally, carrying, the weight of the bow. This should be chiefly done by the two middle fingers and the thumb.",https://www.thestrad.com/playing-hub/7-ways-to-improve-your-tone/170.article
79fe8395dbb5,paganini_caprice_1,wide leaps,"Once you add in the wide leaps, dynamic shifts, and unrelenting pace, it's a recipe for a nightmare.",https://interlude.hk/niccolo-paganinis-devilish-genius-10-tracks-that-conjure-his-violin-sorcery/
be5446ff9000,haydn_c_major_hobviia1_mvt1,wide melodic leaps,"The solo part has wide melodic leaps, long strings of harmonic sequences, and frequent use of arpeggios.",https://www.riphil.org/the-story-behind-haydn-s-violin-concerto-in-c-major
7a9f02eabbe9,ysaye_sonata1_mvt1,wild high minor tenth,"a chime of distant light; a wild high minor tenth, like a scream; the same interval softened and put into the major; the inevitable and decisive fifth.",https://www.maramarietta.com/the-arts/music/classical/ysaye/
6f4acf992dad,ades_concentric_paths,"wild, free lines in waves from bottom of violin's spectrum to quarter inch from top of fingerboard","I have these wild, free lines travelling in waves from the bottom of the violin's spectrum to a quarter of an inch from the top of the fingerboard and back down",https://www.thestrad.com/playing-hub/something-deeply-human-and-expressive-breaks-through-leila-josefowicz-on-the-violin-concerto-of-thomas-ades/20448.article
b66326948cc7,shostakovich_concerto1_mvt4_burlesque,"wild, unabashed Russian fiddle music","It is wild, unabashed Russian fiddle music.",https://thelistenersclub.com/2023/03/10/shostakovichs-first-violin-concerto-dangerous-music-for-the-desk-drawer/
